category,method,seed,aggregation_rule,image_auroc,image_ap
bottle,autoencoder,123,global_max,0.5083333333333334,0.8049729208903772
bottle,autoencoder,123,percentile_99,0.5075757575757576,0.8038295476330609
bottle,autoencoder,123,percentile_95,0.5045454545454545,0.8018435527027488
bottle,autoencoder,123,top_1_percent_mean,0.5083333333333334,0.8049729208903772
bottle,autoencoder,123,gaussian_pooled_max,0.5106060606060606,0.8052253927386741
bottle,autoencoder,2026,global_max,0.5075757575757576,0.8055179612963338
bottle,autoencoder,2026,percentile_99,0.5083333333333333,0.8061204381976393
bottle,autoencoder,2026,percentile_95,0.509090909090909,0.8062080775395174
bottle,autoencoder,2026,top_1_percent_mean,0.5068181818181818,0.8052694657020936
bottle,autoencoder,2026,gaussian_pooled_max,0.5098484848484848,0.8038938437391011
bottle,autoencoder,42,global_max,0.5196969696969697,0.810737206928462
bottle,autoencoder,42,percentile_99,0.5196969696969697,0.810737206928462
bottle,autoencoder,42,percentile_95,0.5204545454545455,0.8116295323821909
bottle,autoencoder,42,top_1_percent_mean,0.5196969696969697,0.8113428206253481
bottle,autoencoder,42,gaussian_pooled_max,0.5227272727272727,0.8124073327519926
bottle,padim,123,global_max,0.996969696969697,0.9990744469140839
bottle,padim,123,percentile_99,0.996969696969697,0.9990744469140839
bottle,padim,123,percentile_95,0.996969696969697,0.9990744469140839
bottle,padim,123,top_1_percent_mean,0.996969696969697,0.9990744469140839
bottle,padim,123,gaussian_pooled_max,0.996969696969697,0.9990744469140839
bottle,padim,2026,global_max,0.996969696969697,0.9990744469140839
bottle,padim,2026,percentile_99,0.996969696969697,0.9990744469140839
bottle,padim,2026,percentile_95,0.996969696969697,0.9990744469140839
bottle,padim,2026,top_1_percent_mean,0.996969696969697,0.9990744469140839
bottle,padim,2026,gaussian_pooled_max,0.996969696969697,0.9990744469140839
bottle,padim,42,global_max,0.996969696969697,0.9990744469140839
bottle,padim,42,percentile_99,0.996969696969697,0.9990744469140839
bottle,padim,42,percentile_95,0.996969696969697,0.9990744469140839
bottle,padim,42,top_1_percent_mean,0.996969696969697,0.9990744469140839
bottle,padim,42,gaussian_pooled_max,0.9977272727272727,0.9993111893383263
bottle,patchcore,123,global_max,1.0,1.0
bottle,patchcore,123,percentile_99,1.0,1.0
bottle,patchcore,123,percentile_95,1.0,1.0
bottle,patchcore,123,top_1_percent_mean,1.0,1.0
bottle,patchcore,123,gaussian_pooled_max,1.0,1.0
bottle,patchcore,2026,global_max,1.0,1.0
bottle,patchcore,2026,percentile_99,1.0,1.0
bottle,patchcore,2026,percentile_95,1.0,1.0
bottle,patchcore,2026,top_1_percent_mean,1.0,1.0
bottle,patchcore,2026,gaussian_pooled_max,1.0,1.0
bottle,patchcore,42,global_max,1.0,1.0
bottle,patchcore,42,percentile_99,1.0,1.0
bottle,patchcore,42,percentile_95,1.0,1.0
bottle,patchcore,42,top_1_percent_mean,1.0,1.0
bottle,patchcore,42,gaussian_pooled_max,1.0,1.0
cable,autoencoder,123,global_max,0.4544602698650675,0.619395642369643
cable,autoencoder,123,percentile_99,0.4544602698650675,0.619395642369643
cable,autoencoder,123,percentile_95,0.45446026986506755,0.6197641811731923
cable,autoencoder,123,top_1_percent_mean,0.4542728635682159,0.6193403426633659
cable,autoencoder,123,gaussian_pooled_max,0.4537106446776612,0.6132976618854571
cable,autoencoder,2026,global_max,0.4523988005997002,0.612569462215115
cable,autoencoder,2026,percentile_99,0.45258620689655177,0.6126530752290159
cable,autoencoder,2026,percentile_95,0.45277361319340326,0.6125686820120986
cable,autoencoder,2026,top_1_percent_mean,0.45239880059970017,0.6125178204582113
cable,autoencoder,2026,gaussian_pooled_max,0.45296101949025486,0.6131076476893402
cable,autoencoder,42,global_max,0.45352323838080955,0.619350393149996
cable,autoencoder,42,percentile_99,0.4540854572713644,0.6196517756730084
cable,autoencoder,42,percentile_95,0.4542728635682159,0.6198392884201109
cable,autoencoder,42,top_1_percent_mean,0.4537106446776612,0.6195334462227626
cable,autoencoder,42,gaussian_pooled_max,0.4537106446776612,0.6194365909405104
cable,padim,123,global_max,0.8615067466266867,0.9035047094215736
cable,padim,123,percentile_99,0.8613193403298351,0.9036456461552078
cable,padim,123,percentile_95,0.8613193403298351,0.9036719338330859
cable,padim,123,top_1_percent_mean,0.8613193403298351,0.9034081588188945
cable,padim,123,gaussian_pooled_max,0.8611319340329835,0.9033715161421036
cable,padim,2026,global_max,0.8615067466266867,0.9035279310401516
cable,padim,2026,percentile_99,0.8618815592203899,0.9043894459199991
cable,padim,2026,percentile_95,0.8618815592203897,0.9042791154375425
cable,padim,2026,top_1_percent_mean,0.8618815592203899,0.9044100188451093
cable,padim,2026,gaussian_pooled_max,0.8605697151424287,0.9034710872186111
cable,padim,42,global_max,0.8615067466266867,0.9035279310401516
cable,padim,42,percentile_99,0.862256371814093,0.9042717748828026
cable,padim,42,percentile_95,0.8624437781109444,0.9049094820062669
cable,padim,42,top_1_percent_mean,0.8615067466266866,0.9032995786703318
cable,padim,42,gaussian_pooled_max,0.8628185907046477,0.9030491976632495
cable,patchcore,123,global_max,0.9902548725637181,0.9940457379307144
cable,patchcore,123,percentile_99,0.9902548725637181,0.9940457379307144
cable,patchcore,123,percentile_95,0.9896926536731635,0.9937469977127232
cable,patchcore,123,top_1_percent_mean,0.9902548725637181,0.9940457379307144
cable,patchcore,123,gaussian_pooled_max,0.9904422788605697,0.9941350404462479
cable,patchcore,2026,global_max,0.9902548725637181,0.9940457379307144
cable,patchcore,2026,percentile_99,0.9902548725637182,0.9940854106138525
cable,patchcore,2026,percentile_95,0.989505247376312,0.993629714150518
cable,patchcore,2026,top_1_percent_mean,0.9902548725637182,0.9940854106138525
cable,patchcore,2026,gaussian_pooled_max,0.989880059970015,0.9939363004907721
cable,patchcore,42,global_max,0.9902548725637181,0.9940457379307144
cable,patchcore,42,percentile_99,0.9902548725637181,0.9940457379307144
cable,patchcore,42,percentile_95,0.9906296851574212,0.9942755296743878
cable,patchcore,42,top_1_percent_mean,0.9902548725637181,0.9940457379307144
cable,patchcore,42,gaussian_pooled_max,0.9928785607196402,0.9955051249153453
carpet,autoencoder,123,global_max,0.3912520064205457,0.6965779400008518
carpet,autoencoder,123,percentile_99,0.39085072231139645,0.696388855207098
carpet,autoencoder,123,percentile_95,0.38764044943820225,0.6949523778850719
carpet,autoencoder,123,top_1_percent_mean,0.39085072231139645,0.6964950890191244
carpet,autoencoder,123,gaussian_pooled_max,0.38643659711075445,0.6933495255438153
carpet,autoencoder,2026,global_max,0.37158908507223115,0.685504724815783
carpet,autoencoder,2026,percentile_99,0.37158908507223115,0.685504724815783
carpet,autoencoder,2026,percentile_95,0.3695826645264848,0.6829250848511512
carpet,autoencoder,2026,top_1_percent_mean,0.37158908507223115,0.685504724815783
carpet,autoencoder,2026,gaussian_pooled_max,0.365569823434992,0.6824940439281104
carpet,autoencoder,42,global_max,0.3804173354735153,0.6864859552151724
carpet,autoencoder,42,percentile_99,0.3796147672552167,0.6863065265542935
carpet,autoencoder,42,percentile_95,0.37881219903691815,0.6870912897363237
carpet,autoencoder,42,top_1_percent_mean,0.380016051364366,0.6863915354247843
carpet,autoencoder,42,gaussian_pooled_max,0.3804173354735153,0.6876691885364471
carpet,padim,123,global_max,0.9634831460674158,0.9892600269656852
carpet,padim,123,percentile_99,0.9634831460674158,0.9892877324231917
carpet,padim,123,percentile_95,0.9626805778491171,0.9890497774099558
carpet,padim,123,top_1_percent_mean,0.9634831460674158,0.9892877324231917
carpet,padim,123,gaussian_pooled_max,0.9626805778491172,0.9889623763595836
carpet,padim,2026,global_max,0.9634831460674158,0.9892877324231917
carpet,padim,2026,percentile_99,0.963884430176565,0.9893953591554614
carpet,padim,2026,percentile_95,0.9634831460674157,0.9893134590735614
carpet,padim,2026,top_1_percent_mean,0.9642857142857142,0.9895258973596426
carpet,padim,2026,gaussian_pooled_max,0.9602728731942215,0.9882997710207586
carpet,padim,42,global_max,0.963884430176565,0.9893905651698662
carpet,padim,42,percentile_99,0.963884430176565,0.9893953591554614
carpet,padim,42,percentile_95,0.9630818619582665,0.989178126883785
carpet,padim,42,top_1_percent_mean,0.9634831460674158,0.9892600269656852
carpet,padim,42,gaussian_pooled_max,0.9630818619582664,0.9890997371375874
carpet,patchcore,123,global_max,0.9839486356340289,0.9955564658131948
carpet,patchcore,123,percentile_99,0.9839486356340289,0.9955564658131948
carpet,patchcore,123,percentile_95,0.9839486356340289,0.9955564658131948
carpet,patchcore,123,top_1_percent_mean,0.9839486356340289,0.9955564658131948
carpet,patchcore,123,gaussian_pooled_max,0.9831460674157304,0.9953240316101474
carpet,patchcore,2026,global_max,0.9839486356340289,0.9955564658131948
carpet,patchcore,2026,percentile_99,0.9835473515248796,0.9954384814255475
carpet,patchcore,2026,percentile_95,0.9839486356340289,0.9955564658131948
carpet,patchcore,2026,top_1_percent_mean,0.9835473515248796,0.9954384814255475
carpet,patchcore,2026,gaussian_pooled_max,0.9835473515248796,0.9955006285271646
carpet,patchcore,42,global_max,0.9835473515248796,0.9954384814255475
carpet,patchcore,42,percentile_99,0.9839486356340289,0.9955564658131948
carpet,patchcore,42,percentile_95,0.9839486356340289,0.9955564658131948
carpet,patchcore,42,top_1_percent_mean,0.9839486356340289,0.9955564658131948
carpet,patchcore,42,gaussian_pooled_max,0.9823434991974318,0.9951290455338775
hazelnut,autoencoder,123,global_max,0.7896428571428571,0.8757401154772142
hazelnut,autoencoder,123,percentile_99,0.79,0.8759066156437143
hazelnut,autoencoder,123,percentile_95,0.7889285714285714,0.8753155917233848
hazelnut,autoencoder,123,top_1_percent_mean,0.79,0.8759066156437143
hazelnut,autoencoder,123,gaussian_pooled_max,0.7896428571428571,0.876694598148928
hazelnut,autoencoder,2026,global_max,0.7778571428571429,0.8692838886321268
hazelnut,autoencoder,2026,percentile_99,0.7778571428571429,0.8693193584489498
hazelnut,autoencoder,2026,percentile_95,0.7775,0.8687320610866958
hazelnut,autoencoder,2026,top_1_percent_mean,0.7782142857142857,0.8694183683499399
hazelnut,autoencoder,2026,gaussian_pooled_max,0.7782142857142857,0.869331356581529
hazelnut,autoencoder,42,global_max,0.7675,0.8648902507409308
hazelnut,autoencoder,42,percentile_99,0.7675,0.8648902507409308
hazelnut,autoencoder,42,percentile_95,0.7678571428571429,0.8650203212876681
hazelnut,autoencoder,42,top_1_percent_mean,0.7675,0.8648902507409308
hazelnut,autoencoder,42,gaussian_pooled_max,0.7689285714285714,0.8647397948399187
hazelnut,padim,123,global_max,0.8403571428571428,0.8607591190255458
hazelnut,padim,123,percentile_99,0.8403571428571428,0.8591134607622405
hazelnut,padim,123,percentile_95,0.8403571428571429,0.8591255358830063
hazelnut,padim,123,top_1_percent_mean,0.84,0.8583781666445934
hazelnut,padim,123,gaussian_pooled_max,0.8417857142857142,0.8621357108735919
hazelnut,padim,2026,global_max,0.84,0.8583781666445934
hazelnut,padim,2026,percentile_99,0.8403571428571428,0.8593854926519195
hazelnut,padim,2026,percentile_95,0.8403571428571429,0.8582435553209578
hazelnut,padim,2026,top_1_percent_mean,0.8403571428571428,0.8593854926519195
hazelnut,padim,2026,gaussian_pooled_max,0.8425,0.8569287638432653
hazelnut,padim,42,global_max,0.8407142857142857,0.8617664450328719
hazelnut,padim,42,percentile_99,0.84,0.8583781666445934
hazelnut,padim,42,percentile_95,0.8414285714285714,0.8631032429099175
hazelnut,padim,42,top_1_percent_mean,0.8407142857142857,0.8617664450328719
hazelnut,padim,42,gaussian_pooled_max,0.8428571428571429,0.8609538011317526
hazelnut,patchcore,123,global_max,0.9996428571428572,0.999798792756539
hazelnut,patchcore,123,percentile_99,0.9996428571428572,0.999798792756539
hazelnut,patchcore,123,percentile_95,0.9996428571428572,0.999798792756539
hazelnut,patchcore,123,top_1_percent_mean,0.9996428571428572,0.999798792756539
hazelnut,patchcore,123,gaussian_pooled_max,0.9996428571428572,0.999798792756539
hazelnut,patchcore,2026,global_max,0.9996428571428572,0.999798792756539
hazelnut,patchcore,2026,percentile_99,0.9996428571428572,0.999798792756539
hazelnut,patchcore,2026,percentile_95,0.9996428571428572,0.999798792756539
hazelnut,patchcore,2026,top_1_percent_mean,0.9996428571428572,0.999798792756539
hazelnut,patchcore,2026,gaussian_pooled_max,0.9996428571428572,0.999798792756539
hazelnut,patchcore,42,global_max,0.9996428571428572,0.999798792756539
hazelnut,patchcore,42,percentile_99,0.9996428571428572,0.999798792756539
hazelnut,patchcore,42,percentile_95,0.9996428571428572,0.999798792756539
hazelnut,patchcore,42,top_1_percent_mean,0.9996428571428572,0.999798792756539
hazelnut,patchcore,42,gaussian_pooled_max,0.9996428571428572,0.999798792756539
metal_nut,autoencoder,123,global_max,0.2981427174975562,0.6951006420560956
metal_nut,autoencoder,123,percentile_99,0.2986314760508309,0.6951902477908627
metal_nut,autoencoder,123,percentile_95,0.29765395894428154,0.6949452035366017
metal_nut,autoencoder,123,top_1_percent_mean,0.2986314760508309,0.6951902477908627
metal_nut,autoencoder,123,gaussian_pooled_max,0.2991202346041056,0.6956751076762571
metal_nut,autoencoder,2026,global_max,0.30107526881720426,0.6954867952323931
metal_nut,autoencoder,2026,percentile_99,0.30156402737047894,0.6956724647729013
metal_nut,autoencoder,2026,percentile_95,0.30254154447702836,0.6957556220054251
metal_nut,autoencoder,2026,top_1_percent_mean,0.30107526881720426,0.6954867952323931
metal_nut,autoencoder,2026,gaussian_pooled_max,0.29814271749755616,0.6938917018874836
metal_nut,autoencoder,42,global_max,0.28347996089931576,0.6919371125291777
metal_nut,autoencoder,42,percentile_99,0.2839687194525904,0.6922525212152509
metal_nut,autoencoder,42,percentile_95,0.2829912023460411,0.691265422426108
metal_nut,autoencoder,42,top_1_percent_mean,0.2844574780058651,0.692339619573051
metal_nut,autoencoder,42,gaussian_pooled_max,0.28396871945259045,0.6913021847403621
metal_nut,padim,123,global_max,0.9711632453567937,0.9919883759664878
metal_nut,padim,123,percentile_99,0.9716520039100683,0.9920979498325189
metal_nut,padim,123,percentile_95,0.9716520039100683,0.9920979498325189
metal_nut,padim,123,top_1_percent_mean,0.9716520039100683,0.9920979498325189
metal_nut,padim,123,gaussian_pooled_max,0.9701857282502443,0.9915737880925488
metal_nut,padim,2026,global_max,0.9711632453567937,0.9919883759664878
metal_nut,padim,2026,percentile_99,0.9711632453567937,0.9919883759664878
metal_nut,padim,2026,percentile_95,0.9716520039100683,0.9921838793877977
metal_nut,padim,2026,top_1_percent_mean,0.9711632453567937,0.9919883759664878
metal_nut,padim,2026,gaussian_pooled_max,0.9716520039100685,0.9920854444968703
metal_nut,padim,42,global_max,0.9711632453567937,0.9919883759664878
metal_nut,padim,42,percentile_99,0.9711632453567937,0.9919883759664878
metal_nut,padim,42,percentile_95,0.9726295210166177,0.9924053835470861
metal_nut,padim,42,top_1_percent_mean,0.9711632453567937,0.9919883759664878
metal_nut,padim,42,gaussian_pooled_max,0.9721407624633431,0.992323750853336
metal_nut,patchcore,123,global_max,0.9980449657869013,0.9995483581916984
metal_nut,patchcore,123,percentile_99,0.9980449657869013,0.9995483581916984
metal_nut,patchcore,123,percentile_95,0.9980449657869013,0.9995483581916984
metal_nut,patchcore,123,top_1_percent_mean,0.9980449657869013,0.9995483581916984
metal_nut,patchcore,123,gaussian_pooled_max,0.9975562072336266,0.99943148114635
metal_nut,patchcore,2026,global_max,0.9980449657869013,0.9995483581916984
metal_nut,patchcore,2026,percentile_99,0.9975562072336266,0.99943148114635
metal_nut,patchcore,2026,percentile_95,0.9975562072336266,0.99943148114635
metal_nut,patchcore,2026,top_1_percent_mean,0.9980449657869013,0.9995483581916984
metal_nut,patchcore,2026,gaussian_pooled_max,0.9980449657869013,0.9995483581916984
metal_nut,patchcore,42,global_max,0.9980449657869013,0.9995483581916984
metal_nut,patchcore,42,percentile_99,0.9980449657869013,0.9995483581916984
metal_nut,patchcore,42,percentile_95,0.9975562072336266,0.99943148114635
metal_nut,patchcore,42,top_1_percent_mean,0.9980449657869013,0.9995483581916984
metal_nut,patchcore,42,gaussian_pooled_max,0.998533724340176,0.9996639784946235
