timestamp,seed,category,method,device,fit_time_s,image_auroc,image_ap,pixel_auroc,pixel_ap,aupro,max_f1,optimal_threshold,oracle_max_f1,oracle_threshold,precision_at_optimal,recall_at_optimal,ece,mrd_image_auroc,mrd_aupro,mean_performance_change_auroc,mean_performance_change_aupro,mCE_image_auroc,mCE_aupro,p50_model_ms,p95_model_ms,fps_model,p50_e2e_ms,p95_e2e_ms,fps_e2e,p50_latency_ms,fps,peak_vram_mb
2026-08-17T23:02:42.124547+00:00,42,bottle,autoencoder,cuda,88.77034783363342,0.5053030303030303,0.8019738016092901,0.7242483895657034,0.1159060271497118,0.4633479652318228,0.868421052631579,0.0246166163124144,0.868421052631579,0.0246166163124144,1.0,1.0,0.7268617844242206,-0.1073653198653199,0.1184464902030319,-0.1073653198653199,0.1184464902030319,-0.1073653198653199,0.1184464902030319,4.981503963470459,6.18143367767334,200.7425884497601,23.974687576293945,28.49130172729492,41.71065824393697,4.981503963470459,200.7425884497601,214.62060546875
2026-08-18T00:33:28.573978+00:00,123,bottle,autoencoder,cuda,90.35552430152892,0.5128787878787879,0.8030872791089141,0.735225862507136,0.1129372164848862,0.4677071309328656,0.868421052631579,0.024164417758584,0.868421052631579,0.024164417758584,1.0,1.0,0.7262862725906096,-0.1134680134680134,0.0990297360083313,-0.1134680134680134,0.0990297360083313,-0.1134680134680134,0.0990297360083313,4.8818559646606445,6.565081787109374,204.8401278609433,25.367488861083984,27.82872924804688,39.42053568944504,4.8818559646606445,204.8401278609433,215.12060546875
2026-08-18T02:04:57.155213+00:00,2026,bottle,autoencoder,cuda,89.41403365135193,0.4977272727272727,0.7956802812696122,0.6648979064100263,0.0988752825575774,0.453448249196644,0.868421052631579,0.0245535145513713,0.868421052631579,0.0245535145513713,1.0,1.0,0.7246571236967267,-0.1573232323232322,0.1331334321972763,-0.1573232323232322,0.1331334321972763,-0.1573232323232322,0.1331334321972763,4.524767875671387,6.374995231628417,221.0058123371464,24.25334358215332,27.12970809936523,41.23142842605021,4.524767875671387,221.0058123371464,215.12060546875
2026-08-17T22:58:14.763793+00:00,42,bottle,padim,cuda,15.903812170028688,0.996969696969697,0.999074446914084,0.954784397390391,0.3787929367973366,0.8666231113775941,0.9924812030075189,12.69128131866455,0.9924812030075189,12.69128131866455,1.0,1.0,0.377843944053031,0.0986111111111111,0.088625323509798,0.0986111111111111,0.088625323509798,0.0986111111111111,0.088625323509798,6.1735358238220215,7.578470420837402,161.98172790074463,24.2893123626709,27.81617927551269,41.17037094622785,6.1735358238220215,161.98172790074463,297.29345703125
2026-08-18T00:29:03.271279+00:00,123,bottle,padim,cuda,16.96997594833374,0.996969696969697,0.999074446914084,0.9547843974942808,0.3787929405441128,0.8666230854626461,0.9924812030075189,12.691282272338867,0.9924812030075189,12.691282272338867,1.0,1.0,0.3778439078262968,0.0949074074074074,0.0890223819939911,0.0949074074074074,0.0890223819939911,0.0949074074074074,0.0890223819939911,5.974463939666748,7.286105442047119,167.37903351637135,25.84223937988281,39.28764877319336,38.69633684991026,5.974463939666748,167.37903351637135,298.73095703125
2026-08-18T02:00:30.977775+00:00,2026,bottle,padim,cuda,14.570916175842283,0.996969696969697,0.999074446914084,0.9547843974265904,0.3787929342891195,0.8666230857428574,0.9924812030075189,12.69128131866455,0.9924812030075189,12.69128131866455,1.0,1.0,0.3778439101090785,0.0996212121212121,0.0893783447541458,0.0996212121212121,0.0893783447541458,0.0996212121212121,0.0893783447541458,6.5984320640563965,10.898131370544428,151.5511549246893,26.77071952819824,30.69630661010742,37.354244399245175,6.5984320640563965,151.5511549246893,298.73095703125
2026-08-17T22:55:04.955301+00:00,42,bottle,patchcore,cuda,61.519553422927856,1.0,1.0,0.961653164935262,0.4935713778949024,0.8724852334244458,1.0,1.7187483310699463,1.0,1.7187483310699463,1.0,1.0,0.2350067810160476,0.0278198653198653,0.0444107157592177,0.0278198653198653,0.0444107157592177,0.0278198653198653,0.0444107157592177,10.583871841430664,12.13803539276123,94.48338141108212,28.91753578186035,31.23501510620117,34.58109320045363,10.583871841430664,94.48338141108212,201.07958984375
2026-08-18T00:25:55.161078+00:00,123,bottle,patchcore,cuda,61.65797448158264,1.0,1.0,0.9616531649847052,0.4935713799969872,0.8724852141459016,1.0,1.7187483310699463,1.0,1.7187483310699463,1.0,1.0,0.2350067800627814,0.0291245791245791,0.0441761215655237,0.0291245791245791,0.0441761215655237,0.0291245791245791,0.0441761215655237,11.132800102233888,13.395186805725098,89.8246614343908,31.067136764526367,44.944461822509744,32.18835413058746,11.132800102233888,89.8246614343908,208.259765625
2026-08-18T01:57:23.652097+00:00,2026,bottle,patchcore,cuda,59.70842957496643,1.0,1.0,0.9616531650341488,0.4935713783448783,0.8724852334234623,1.0,1.7187483310699463,1.0,1.7187483310699463,1.0,1.0,0.2350067810160476,0.0281144781144781,0.0444393561303642,0.0281144781144781,0.0444393561303642,0.0281144781144781,0.0444393561303642,11.098400115966797,12.80788459777832,90.10307697964974,29.676576614379883,32.615052413940425,33.69660904605193,11.098400115966797,90.10307697964974,208.259765625
2026-08-17T23:25:55.865557+00:00,42,cable,autoencoder,cuda,162.09768867492676,0.4480884557721138,0.6066657401284933,0.5932696717546284,0.0471317751776736,0.4037367958202921,0.7603305785123966,0.0153603013604879,0.7603305785123966,0.0153603013604879,1.0,1.0,0.3235435179937476,-0.0190217391304348,0.0283317503105207,-0.0190217391304348,0.0283317503105207,-0.0190217391304348,0.0283317503105207,6.231488227844238,7.846777534484863,160.4753091775937,39.63571166992188,44.78713684082031,25.22977279499283,6.231488227844238,160.4753091775937,216.271484375
2026-08-18T00:57:11.362222+00:00,123,cable,autoencoder,cuda,159.09205079078674,0.449775112443778,0.604517511100457,0.5625282679183151,0.0444606476649779,0.3890309634942631,0.7603305785123966,0.0165494293905794,0.7603305785123966,0.0165494293905794,1.0,1.0,0.3163534379144385,-0.0150966183574879,0.0399245971409617,-0.0150966183574879,0.0399245971409617,-0.0150966183574879,0.0399245971409617,5.942336082458496,7.577254390716549,168.28398564527274,40.42387390136719,43.08951568603516,24.73785670418277,5.942336082458496,168.28398564527274,216.271484375
2026-08-18T02:28:18.728116+00:00,2026,cable,autoencoder,cuda,159.02952933311462,0.4568965517241379,0.6156368258851912,0.5570298507017971,0.0412730431450365,0.3502148773511442,0.7603305785123966,0.0244247843511402,0.7603305785123966,0.0244247843511402,1.0,1.0,0.3233776952568223,-0.0236444277861069,0.0403086494902865,-0.0236444277861069,0.0403086494902865,-0.0236444277861069,0.0403086494902865,6.058656215667725,7.277651119232178,165.05310161250418,39.99251174926758,42.60293655395508,25.00468103302586,6.058656215667725,165.05310161250418,216.271484375
2026-08-17T23:17:03.866617+00:00,42,cable,padim,cuda,20.11010789871216,0.8616941529235382,0.9036004491289332,0.9683206125217376,0.4402966341373829,0.9075861884106432,0.859903381642512,12.014974594116213,0.859903381642512,12.014974594116213,1.0,1.0,0.2742122713510208,0.0233424954189572,0.0369258116973173,0.0233424954189572,0.0369258116973173,0.0233424954189572,0.0369258116973173,6.046624183654785,7.961958312988281,165.3815368090895,39.39606475830078,43.66279830932617,25.3832459189791,6.046624183654785,165.3815368090895,300.29345703125
2026-08-18T00:48:10.430665+00:00,123,cable,padim,cuda,20.88516306877136,0.8616941529235382,0.9036004491289332,0.9683206128272794,0.4402966378587046,0.907586168039914,0.859903381642512,12.014976501464844,0.859903381642512,12.014976501464844,1.0,1.0,0.2742122679746989,0.0241858237547892,0.0369002769138534,0.0241858237547892,0.0369002769138534,0.0241858237547892,0.0369002769138534,5.92633581161499,7.480620765686035,168.73832867181392,41.5052490234375,46.62720031738281,24.09333815670612,5.92633581161499,168.73832867181392,300.29345703125
2026-08-18T02:19:26.007881+00:00,2026,cable,padim,cuda,19.206259727478027,0.8616941529235382,0.9036004491289332,0.9683206129868138,0.4402966349363469,0.907586220760217,0.859903381642512,12.014975547790527,0.859903381642512,12.014975547790527,1.0,1.0,0.2742122751024897,0.0238005997001499,0.0368787844090011,0.0238005997001499,0.0368787844090011,0.0238005997001499,0.0368787844090011,5.890079975128174,7.724512004852291,169.77698167469606,39.15145492553711,42.14243774414062,25.54183495611832,5.890079975128174,169.77698167469606,300.29345703125
2026-08-17T23:10:28.555520+00:00,42,cable,patchcore,cuda,72.60206270217896,0.990254872563718,0.9940452242321844,0.985796078020602,0.6744288050067943,0.942735112723898,0.9732620320855614,2.239072799682617,0.9732620320855614,2.239072799682617,1.0,1.0,0.3120077284459859,0.0533483258370814,0.0378578827315667,0.0533483258370814,0.0378578827315667,0.0533483258370814,0.0378578827315667,11.28121566772461,12.880665779113768,88.6429290471679,45.347774505615234,50.74879302978516,22.051798812666146,11.28121566772461,88.6429290471679,218.783203125
2026-08-18T00:41:23.604864+00:00,123,cable,patchcore,cuda,73.77064776420593,0.990254872563718,0.9940452242321844,0.985796078020602,0.6744288050067943,0.942735112723898,0.9732620320855614,2.239072799682617,0.9732620320855614,2.239072799682617,1.0,1.0,0.3120077284459859,0.0538272530401466,0.0381304639886737,0.0538272530401466,0.0381304639886737,0.0538272530401466,0.0381304639886737,11.469440460205078,13.134630584716795,87.1882114449751,44.761375427246094,50.48343505859374,22.34068972311519,11.469440460205078,87.1882114449751,218.783203125
2026-08-18T02:12:41.014444+00:00,2026,cable,patchcore,cuda,69.39715337753296,0.990254872563718,0.9940452242321844,0.985795937987352,0.6744281680593647,0.942734943434358,0.9732620320855614,2.239072799682617,0.9732620320855614,2.239072799682617,1.0,1.0,0.3120077284459859,0.0534524404464434,0.0381247128402656,0.0534524404464434,0.0381247128402656,0.0534524404464434,0.0381247128402656,11.803680419921877,13.765887641906737,84.7193387506618,43.37446212768555,48.04583740234375,23.055040937595525,11.803680419921877,84.7193387506618,218.783203125
2026-08-18T00:21:54.760053+00:00,42,carpet,autoencoder,cuda,194.54564094543457,0.3852327447833066,0.6840146610273078,0.7538664500194745,0.0724017432069596,0.4319512343614632,0.8640776699029126,0.0246890923008322,0.8640776699029126,0.0246890923008322,1.0,1.0,0.5300343951730199,-0.0212903513465311,0.0126320038344069,-0.0212903513465311,0.0126320038344069,-0.0212903513465311,0.0126320038344069,5.551968097686768,7.219833564758298,180.11630874040338,38.270782470703125,42.717562866210926,26.12959379039321,5.551968097686768,180.11630874040338,214.87060546875
2026-08-18T01:53:26.232896+00:00,123,carpet,autoencoder,cuda,194.4182860851288,0.3956661316211877,0.686886846886929,0.7695912093611418,0.0854259056275263,0.4729984922942551,0.8640776699029126,0.0242634587921202,0.8640776699029126,0.0242634587921202,1.0,1.0,0.5374359589811152,-0.0222266809345461,0.0064248678250554,-0.0222266809345461,0.0064248678250554,-0.0222266809345461,0.0064248678250554,5.711808204650879,7.821613025665279,175.0759066429381,38.45155334472656,42.83280639648437,26.00675169179138,5.711808204650879,175.0759066429381,214.87060546875
2026-08-18T03:24:34.939498+00:00,2026,carpet,autoencoder,cuda,195.03695392608645,0.3904494382022472,0.6842555190108119,0.7530527983178363,0.0735725167303256,0.4519390462531755,0.8640776699029126,0.0245292950421571,0.8640776699029126,0.0245292950421571,1.0,1.0,0.5322653738473311,-0.041688960228286,-0.0021786427518067,-0.041688960228286,-0.0021786427518067,-0.041688960228286,-0.0021786427518067,6.231872081756592,7.200607776641845,160.46542465582306,39.19664001464844,40.72596969604492,25.512390848456853,6.231872081756592,160.46542465582306,214.87060546875
2026-08-18T00:13:54.345398+00:00,42,carpet,padim,cuda,22.59904217720032,0.963884430176565,0.9893905651698662,0.9873612218315032,0.573950034387796,0.9549185950161462,0.942528735632184,10.731706619262695,0.942528735632184,10.731706619262695,1.0,1.0,0.4551941818408876,0.0756866416978776,0.0788075012664159,0.0756866416978776,0.0788075012664159,0.0756866416978776,0.0788075012664159,6.245888233184815,9.120927810668944,160.10533052557267,38.994625091552734,41.46296310424805,25.64455992722445,6.245888233184815,160.10533052557267,309.1318359375
2026-08-18T01:45:24.192050+00:00,123,carpet,padim,cuda,22.532215356826782,0.963884430176565,0.9893905651698662,0.9873612219638852,0.5739500283152159,0.9549185970989208,0.942528735632184,10.731707572937012,0.942528735632184,10.731707572937012,1.0,1.0,0.4551941948055638,0.0746388443017656,0.0784751260228466,0.0746388443017656,0.0784751260228466,0.0746388443017656,0.0784751260228466,6.468448162078857,8.291091537475584,154.5965856018333,38.2861442565918,40.31118621826172,26.11910965225499,6.468448162078857,154.5965856018333,309.1318359375
2026-08-18T03:16:33.440152+00:00,2026,carpet,padim,cuda,21.6189546585083,0.963884430176565,0.9893905651698662,0.9873612219897162,0.5739500312065596,0.9549185915801152,0.942528735632184,10.731706619262695,0.942528735632184,10.731706619262695,1.0,1.0,0.4551941607500399,0.073278937042982,0.0788952579292817,0.073278937042982,0.0788952579292817,0.073278937042982,0.0788952579292817,6.691711902618408,10.31039342880248,149.4385912831303,38.92351913452149,45.93293533325195,25.69140772045631,6.691711902618408,149.4385912831303,309.1318359375
2026-08-18T00:08:44.835329+00:00,42,carpet,patchcore,cuda,111.29665732383728,0.984349919743178,0.9956559165267742,0.9896096983632092,0.5600052523257801,0.9492235297782252,0.9714285714285714,1.3146177530288696,0.9714285714285714,1.3146177530288696,1.0,1.0,0.3734081278373241,0.0382557517388977,0.061205453946483,0.0382557517388977,0.061205453946483,0.0382557517388977,0.061205453946483,12.493760108947754,15.61264667510986,80.03995524803955,45.26227188110352,49.14103012084961,22.093455729018903,12.493760108947754,80.03995524803955,258.07373046875
2026-08-18T01:40:13.395989+00:00,123,carpet,patchcore,cuda,106.46429491043092,0.984349919743178,0.9956559165267742,0.9896096983632092,0.5600052523257801,0.9492235297782252,0.9714285714285714,1.3146177530288696,0.9714285714285714,1.3146177530288696,1.0,1.0,0.3734081278373241,0.0378098805065096,0.0607737080637325,0.0378098805065096,0.0607737080637325,0.0378098805065096,0.0607737080637325,12.968255996704102,15.642694664001464,77.11137104743106,44.36640167236328,47.26724472045898,22.539578651989203,12.968255996704102,77.11137104743106,258.07373046875
2026-08-18T03:11:21.647633+00:00,2026,carpet,patchcore,cuda,109.37845253944396,0.984349919743178,0.9956559165267742,0.9896096983632092,0.5600052523257801,0.9492235297782252,0.9714285714285714,1.3146177530288696,0.9714285714285714,1.3146177530288696,1.0,1.0,0.3734081278373241,0.0373863028357409,0.0609880034898321,0.0373863028357409,0.0609880034898321,0.0373863028357409,0.0609880034898321,12.994848251342772,15.551737594604491,76.95357272806875,47.37043380737305,52.85705566406249,21.11021410668045,12.994848251342772,76.95357272806875,258.07373046875
2026-08-17T23:47:55.628406+00:00,42,hazelnut,autoencoder,cuda,263.7220401763916,0.6803571428571429,0.807668868183967,0.9707927195014672,0.550469200373728,0.8853207035858357,0.813953488372093,0.0141576656606048,0.813953488372093,0.0141576656606048,1.0,1.0,0.5072715836192134,-0.0112103174603174,0.0682717768693025,-0.0112103174603174,0.0682717768693025,-0.0112103174603174,0.0682717768693025,5.997727870941162,6.766943836212158,166.72980527256124,36.41219329833984,38.78566513061524,27.46332778711152,5.997727870941162,166.72980527256124,214.87060546875
2026-08-18T01:19:26.596438+00:00,123,hazelnut,autoencoder,cuda,264.9422011375427,0.7635714285714286,0.8558865614369799,0.9792631937756922,0.5834324547408668,0.9075975067610722,0.8484848484848484,0.0107574525754898,0.8484848484848484,0.0107574525754898,1.0,1.0,0.5263378423347401,-0.0366269841269841,0.0494516422712814,-0.0366269841269841,0.0494516422712814,-0.0366269841269841,0.0494516422712814,6.228479862213135,9.0945987701416,160.5528190059066,35.87152099609375,39.22265090942383,27.87726787801576,6.228479862213135,160.5528190059066,214.87060546875
2026-08-18T02:50:32.117647+00:00,2026,hazelnut,autoencoder,cuda,265.8275809288025,0.7621428571428571,0.8565500498007488,0.9797543756982312,0.5878024009222029,0.9071073667844316,0.8484848484848484,0.0109421878587454,0.8484848484848484,0.0109421878587454,1.0,1.0,0.5327597835685552,-0.0173015873015873,0.0520785737406451,-0.0173015873015873,0.0520785737406451,-0.0173015873015873,0.0520785737406451,6.225215911865234,8.355526161193847,160.63699864511426,36.1187858581543,38.50534362792968,27.68642345640223,6.225215911865234,160.63699864511426,214.87060546875
2026-08-17T23:39:03.191810+00:00,42,hazelnut,padim,cuda,32.332258462905884,0.8403571428571428,0.8607591190255458,0.9828758827365108,0.5750915828167771,0.9041818675736828,0.8859060402684563,14.463388442993164,0.8859060402684563,14.463388442993164,1.0,1.0,0.3405552342166415,-0.0119940476190476,0.0618793045719067,-0.0119940476190476,0.0618793045719067,-0.0119940476190476,0.0618793045719067,6.082367897033691,7.951379203796385,164.40965376124737,38.022911071777344,41.75256271362304,26.29993264093416,6.082367897033691,164.40965376124737,325.53125
2026-08-18T01:10:30.831632+00:00,123,hazelnut,padim,cuda,32.729891538619995,0.8403571428571428,0.8607591190255458,0.9828758829193088,0.5750915892468128,0.9041818629122492,0.8859060402684563,14.463390350341797,0.8859060402684563,14.463390350341797,1.0,1.0,0.3405552294531698,-0.0083531746031746,0.0620144876071279,-0.0083531746031746,0.0620144876071279,-0.0083531746031746,0.0620144876071279,5.913919925689697,7.87577610015869,169.09258369493534,37.08745574951172,48.19970397949218,26.96329472568737,5.913919925689697,169.09258369493534,325.53125
2026-08-18T02:41:34.793939+00:00,2026,hazelnut,padim,cuda,31.108270168304443,0.8403571428571428,0.8607591190255458,0.9828758826324496,0.575091584944367,0.9041818696344538,0.8859060402684563,14.463390350341797,0.8859060402684563,14.463390350341797,1.0,1.0,0.3405552316516952,-0.0150198412698413,0.0621118443018326,-0.0150198412698413,0.0621118443018326,-0.0150198412698413,0.0621118443018326,6.968959808349609,11.299104309082033,143.49343768660316,36.91542434692383,40.40087738037109,27.088947714705142,6.968959808349609,143.49343768660316,325.53125
2026-08-17T23:34:03.078302+00:00,42,hazelnut,patchcore,cuda,200.14909553527832,0.9996428571428572,0.999798792756539,0.9870509664241433,0.5891018251998764,0.918828848824628,0.9929078014184396,2.114674568176269,0.9929078014184396,2.114674568176269,1.0,1.0,0.3529394908243028,0.0046031746031746,0.0223614274101999,0.0046031746031746,0.0223614274101999,0.0046031746031746,0.0223614274101999,15.940544128417969,18.405005264282224,62.7331157546366,46.69219207763672,50.140543365478514,21.41685698408085,15.940544128417969,62.7331157546366,336.84033203125
2026-08-18T01:05:26.124515+00:00,123,hazelnut,patchcore,cuda,200.9700736999512,0.9996428571428572,0.999798792756539,0.9870509662860086,0.5891018218200965,0.9188288501139812,0.9929078014184396,2.1146743297576904,0.9929078014184396,2.1146743297576904,1.0,1.0,0.3529394927342182,0.0046031746031746,0.0222551323431119,0.0046031746031746,0.0222551323431119,0.0046031746031746,0.0222551323431119,16.396223068237305,18.98245811462402,60.98965571754967,46.1228141784668,52.34176025390624,21.68124425648869,16.396223068237305,60.98965571754967,336.84033203125
2026-08-18T02:36:28.326693+00:00,2026,hazelnut,patchcore,cuda,199.388738155365,0.9996428571428572,0.999798792756539,0.987050966313175,0.5891018219965932,0.918828848824628,0.9929078014184396,2.1146743297576904,0.9929078014184396,2.1146743297576904,1.0,1.0,0.3529394889143876,0.0046428571428571,0.0220828007955833,0.0046428571428571,0.0220828007955833,0.0046428571428571,0.0220828007955833,16.730688095092773,18.062284851074217,59.7704047984283,48.62646484375,61.11188430786133,20.56493317400823,16.730688095092773,59.7704047984283,336.84033203125
2026-08-18T00:01:50.076579+00:00,42,metal_nut,autoencoder,cuda,76.75774216651917,0.2482893450635386,0.6849086128549058,0.5020090888938951,0.1380203619308928,0.2742787300738658,0.8942307692307693,0.0313369361683726,0.8942307692307693,0.0313369361683726,1.0,1.0,0.5629863852516143,-0.0230259585098294,0.0635539920553217,-0.0230259585098294,0.0635539920553217,-0.0230259585098294,0.0635539920553217,4.322207927703857,5.460102272033691,231.3632330342357,20.20335960388184,23.86391716003418,49.49671834816089,4.322207927703857,231.3632330342357,215.37060546875
2026-08-18T01:33:25.736907+00:00,123,metal_nut,autoencoder,cuda,78.39400553703308,0.3216031280547409,0.7107981441782607,0.6881648046525599,0.189518368190735,0.4103164190255116,0.898550724637681,0.0229356233030557,0.898550724637681,0.0229356233030557,1.0,1.0,0.5649886666404931,-0.1115455631584663,-0.0348514591680822,-0.1115455631584663,-0.0348514591680822,-0.1115455631584663,-0.0348514591680822,4.118144035339356,5.221529769897458,242.8278349223286,19.854400634765625,22.3003833770752,50.36666774261224,4.118144035339356,242.8278349223286,215.37060546875
2026-08-18T03:04:32.581631+00:00,2026,metal_nut,autoencoder,cuda,77.50827050209045,0.3440860215053763,0.7163947834543354,0.6997301543311352,0.1935395712796765,0.4102992010375441,0.898550724637681,0.0243831537663936,0.898550724637681,0.0243831537663936,1.0,1.0,0.5847020004712212,-0.1084772455740197,-0.0158136134819371,-0.1084772455740197,-0.0158136134819371,-0.1084772455740197,-0.0158136134819371,4.651167869567871,6.2581760406494125,214.9997652294353,20.38211250305176,22.02035789489746,49.06262782379519,4.651167869567871,214.9997652294353,215.37060546875
2026-08-17T23:56:50.339319+00:00,42,metal_nut,padim,cuda,15.847186088562012,0.9711632453567935,0.9919883759664878,0.9691914885481968,0.7198737318272441,0.9172901848393616,0.9735449735449736,11.895767211914062,0.9735449735449736,11.895767211914062,1.0,1.0,0.5840793890116774,0.1486640599543824,0.2166301952977282,0.1486640599543824,0.2166301952977282,0.1486640599543824,0.2166301952977282,7.32857608795166,10.674803543090816,136.45215496143726,21.425312042236328,27.36271972656249,46.67376596563098,7.32857608795166,136.45215496143726,299.6943359375
2026-08-18T01:28:18.321859+00:00,123,metal_nut,padim,cuda,16.23106098175049,0.9711632453567935,0.9919883759664878,0.9691914887051254,0.7198737321726506,0.9172902468123524,0.9735449735449736,11.895767211914062,0.9735449735449736,11.895767211914062,1.0,1.0,0.5840794057322176,0.141712827196698,0.2166670287375357,0.141712827196698,0.2166670287375357,0.141712827196698,0.2166670287375357,5.7802557945251465,6.32045431137085,173.00272436852907,22.747520446777344,26.858847808837886,43.96083530684887,5.7802557945251465,173.00272436852907,299.6943359375
2026-08-18T02:59:27.206691+00:00,2026,metal_nut,padim,cuda,14.83402705192566,0.9711632453567935,0.9919883759664878,0.9691914881145166,0.7198737307355503,0.9172902717758402,0.9735449735449736,11.895767211914062,0.9735449735449736,11.895767211914062,1.0,1.0,0.5840793807629724,0.1420115129792548,0.2163025066719993,0.1420115129792548,0.2163025066719993,0.1420115129792548,0.2163025066719993,5.99513578414917,8.729427146911618,166.80189340227818,21.48076820373535,23.6591423034668,46.55326990708185,5.99513578414917,166.80189340227818,299.6943359375
2026-08-17T23:52:57.225061+00:00,42,metal_nut,patchcore,cuda,68.56866645812988,0.9960899315738024,0.9991158245806936,0.984011070843615,0.8626304146911031,0.9371273546168803,0.989247311827957,1.924027681350708,0.989247311827957,1.924027681350708,1.0,1.0,0.2567277439643192,0.0604974475942217,0.075451752982443,0.0604974475942217,0.075451752982443,0.0604974475942217,0.075451752982443,12.229567527770996,20.117459487915035,81.76904029755022,26.957727432250977,44.19517288208007,37.09511502826493,12.229567527770996,81.76904029755022,215.97998046875
2026-08-18T01:24:21.775776+00:00,123,metal_nut,patchcore,cuda,66.6934700012207,0.9960899315738024,0.9991158245806936,0.984011070843615,0.8626304146911031,0.9371273546168803,0.989247311827957,1.924027681350708,0.989247311827957,1.924027681350708,1.0,1.0,0.2567277439643192,0.060931899641577,0.0762747889479938,0.060931899641577,0.0762747889479938,0.060931899641577,0.0762747889479938,10.98252773284912,14.11689567565918,91.05371953752272,25.874048233032227,30.76258506774901,38.64876462289757,10.98252773284912,91.05371953752272,215.97998046875
2026-08-18T02:55:31.891477+00:00,2026,metal_nut,patchcore,cuda,65.7699282169342,0.9960899315738024,0.9991158245806936,0.984011070843615,0.8626304146911031,0.9371273546168803,0.989247311827957,1.924027681350708,0.989247311827957,1.924027681350708,1.0,1.0,0.2567277439643192,0.0596556967524709,0.0759770788943407,0.0596556967524709,0.0759770788943407,0.0596556967524709,0.0759770788943407,11.612192153930664,12.82643222808838,86.1163841197219,27.25078392028809,39.5275909423828,36.69619204075329,11.612192153930664,86.1163841197219,215.97998046875
2026-08-31T16:39:42.393391+00:00,42,bottle,patchcore,cuda,25.81529927253723,1.0,1.0,0.9616531634978717,0.49357137701227666,0.8724852351991749,1.0,1.7187483310699463,1.0,1.7187483310699463,1.0,1.0,0.23500678101604766,0.0,0.0,0.0,0.0,0.0,0.0,0.0,0.0,0.0,0.0,0.0,0.0,0.0,0.0,0.0
2026-08-31T16:39:59.286966+00:00,42,bottle,padim,cuda,5.280869960784912,0.996969696969697,0.9990744469140839,0.9547843968482791,0.3787929292806575,0.8666231349605497,0.9924812030075187,12.691278457641602,0.9924812030075187,12.691278457641602,0.9850746268656716,1.0,0.3778439833888407,0.0,0.0,0.0,0.0,0.0,0.0,0.0,0.0,0.0,0.0,0.0,0.0,0.0,0.0,0.0
2026-08-31T16:40:49.003182+00:00,42,bottle,patchcore,cuda,24.670246124267578,1.0,1.0,0.9617571880733597,0.4958639833180566,0.8708097854703242,1.0,1.7656351327896118,1.0,1.7656351327896118,1.0,1.0,0.2327182242626252,0.0,0.0,0.0,0.0,0.0,0.0,0.0,0.0,0.0,0.0,0.0,0.0,0.0,0.0,0.0
2026-08-31T16:41:37.920128+00:00,42,bottle,patchcore,cuda,12.319435358047485,1.0,1.0,0.9617571880733597,0.4958639833180566,0.8708097854703242,1.0,1.7656351327896118,1.0,1.7656351327896118,1.0,1.0,0.2327182242626252,0.0,0.0,0.0,0.0,0.0,0.0,0.0,0.0,0.0,0.0,0.0,0.0,0.0,0.0,0.0
2026-08-31T16:41:54.906982+00:00,42,bottle,padim,cuda,5.189425468444824,0.996969696969697,0.9990744469140839,0.9547843968482791,0.3787929292806575,0.8666231349605497,0.9924812030075187,12.691278457641602,0.9924812030075187,12.691278457641602,0.9850746268656716,1.0,0.3778439833888407,0.0,0.0,0.0,0.0,0.0,0.0,0.0,0.0,0.0,0.0,0.0,0.0,0.0,0.0,0.0
2026-08-31T16:43:02.990056+00:00,42,bottle,patchcore,cuda,8.483755588531494,1.0,1.0,0.9617571880907236,0.4958639833349001,0.8708097860600155,1.0,1.7656351327896118,1.0,1.7656351327896118,1.0,1.0,0.23271822040592274,0.0,0.0,0.0,0.0,0.0,0.0,0.0,0.0,0.0,0.0,0.0,0.0,0.0,0.0,0.0
2026-08-31T16:43:18.075330+00:00,42,bottle,padim,cuda,5.1130030155181885,0.996969696969697,0.9990744469140839,0.9547843968332698,0.3787929292464082,0.8666231073326766,0.9924812030075187,12.691278457641602,0.9924812030075187,12.691278457641602,0.9850746268656716,1.0,0.37784397851890683,0.0,0.0,0.0,0.0,0.0,0.0,0.0,0.0,0.0,0.0,0.0,0.0,0.0,0.0,0.0
2026-08-31T16:44:59.316216+00:00,42,bottle,patchcore,cuda,14.248427629470825,1.0,1.0,0.9617571880733597,0.4958639833180566,0.8708097854703242,1.0,1.7656351327896118,1.0,1.7656351327896118,1.0,1.0,0.2327182242626252,0.0,0.0,0.0,0.0,0.0,0.0,0.0,0.0,0.0,0.0,0.0,0.0,0.0,0.0,0.0
2026-08-31T16:45:14.839155+00:00,42,bottle,padim,cuda,4.889403581619263,0.996969696969697,0.9990744469140839,0.9547843968482791,0.3787929292806575,0.8666231349605497,0.9924812030075187,12.691278457641602,0.9924812030075187,12.691278457641602,0.9850746268656716,1.0,0.3778439833888407,0.0,0.0,0.0,0.0,0.0,0.0,0.0,0.0,0.0,0.0,0.0,0.0,0.0,0.0,0.0
2026-08-31T16:45:39.106606+00:00,42,bottle,autoencoder,cuda,14.54358434677124,0.5257575757575758,0.8132027291605747,0.694603586805669,0.11752302610366898,0.44984770862307005,0.868421052631579,0.038712017238140106,0.868421052631579,0.038712017238140106,0.7674418604651163,1.0,0.7218134912968021,0.0,0.0,0.0,0.0,0.0,0.0,0.0,0.0,0.0,0.0,0.0,0.0,0.0,0.0,0.0
2026-08-31T16:46:35.880983+00:00,42,bottle,patchcore,cuda,11.693591117858887,1.0,1.0,0.9617571880733597,0.4958639833180566,0.8708097854703242,1.0,1.7656351327896118,1.0,1.7656351327896118,1.0,1.0,0.2327182242626252,0.0,0.0,0.0,0.0,0.0,0.0,0.0,0.0,0.0,0.0,0.0,0.0,0.0,0.0,0.0
2026-08-31T16:46:48.703277+00:00,42,bottle,padim,cuda,5.0675225257873535,0.996969696969697,0.9990744469140839,0.9547843968482791,0.3787929292806575,0.8666231349605497,0.9924812030075187,12.691278457641602,0.9924812030075187,12.691278457641602,0.9850746268656716,1.0,0.3778439833888407,0.0,0.0,0.0,0.0,0.0,0.0,0.0,0.0,0.0,0.0,0.0,0.0,0.0,0.0,0.0
2026-08-31T16:47:10.436652+00:00,42,bottle,autoencoder,cuda,14.119095802307129,0.5189393939393939,0.8105896751353605,0.6868015318285412,0.11577690533125296,0.44823679897785945,0.868421052631579,0.0384488832205534,0.868421052631579,0.0384488832205534,0.7674418604651163,1.0,0.7228163982669153,0.0,0.0,0.0,0.0,0.0,0.0,0.0,0.0,0.0,0.0,0.0,0.0,0.0,0.0,0.0
2026-08-31T16:47:39.237162+00:00,42,cable,patchcore,cuda,9.683761358261108,0.9902548725637181,0.9940457379307144,0.9854287342248107,0.6711851784257961,0.941935467518185,0.9625668449197862,2.21238374710083,0.9625668449197862,2.21238374710083,0.9473684210526315,0.9782608695652174,0.3384245239664655,0.0,0.0,0.0,0.0,0.0,0.0,0.0,0.0,0.0,0.0,0.0,0.0,0.0,0.0,0.0
2026-08-31T16:48:05.030474+00:00,42,cable,padim,cuda,8.282636880874634,0.8616941529235382,0.9036004491289333,0.9683206157585629,0.4402966662423457,0.9075862164093262,0.859903381642512,12.014973640441895,0.859903381642512,12.014973640441895,0.7739130434782608,0.967391304347826,0.2742122984605189,0.0,0.0,0.0,0.0,0.0,0.0,0.0,0.0,0.0,0.0,0.0,0.0,0.0,0.0,0.0
2026-08-31T16:48:39.212002+00:00,42,cable,autoencoder,cuda,17.495911121368408,0.45352323838080955,0.619350393149996,0.6925526476238169,0.0519048902721095,0.37196378047296713,0.7603305785123966,0.03999955579638481,0.7603305785123966,0.03999955579638481,0.6133333333333333,1.0,0.3302409532416968,0.0,0.0,0.0,0.0,0.0,0.0,0.0,0.0,0.0,0.0,0.0,0.0,0.0,0.0,0.0
2026-08-31T16:49:13.871853+00:00,42,hazelnut,patchcore,cuda,20.486321926116943,0.9996428571428572,0.999798792756539,0.9870329435704136,0.5900655583002841,0.9204204034724528,0.9929078014184397,2.112177848815918,0.9929078014184397,2.112177848815918,0.9859154929577465,1.0,0.35087687815847657,0.0,0.0,0.0,0.0,0.0,0.0,0.0,0.0,0.0,0.0,0.0,0.0,0.0,0.0,0.0
2026-08-31T16:49:45.190423+00:00,42,hazelnut,padim,cuda,18.264359712600708,0.8403571428571428,0.8607591190255458,0.9828758840603,0.5750915981414763,0.9041818730379835,0.8859060402684563,14.463388442993164,0.8859060402684563,14.463388442993164,0.8354430379746836,0.9428571428571428,0.3405551954879156,0.0,0.0,0.0,0.0,0.0,0.0,0.0,0.0,0.0,0.0,0.0,0.0,0.0,0.0,0.0
2026-08-31T16:50:28.672657+00:00,42,hazelnut,autoencoder,cuda,31.29495668411255,0.7675,0.8648902507409308,0.979583887875482,0.609357068078281,0.8998994553829709,0.8383233532934131,0.01654314761981368,0.8383233532934131,0.01654314761981368,0.7216494845360825,1.0,0.5157866904588249,0.0,0.0,0.0,0.0,0.0,0.0,0.0,0.0,0.0,0.0,0.0,0.0,0.0,0.0,0.0
2026-08-31T16:50:48.197523+00:00,42,metal_nut,patchcore,cuda,6.031791687011719,0.9980449657869013,0.9995483581916984,0.9840008856790889,0.8619779678223968,0.939698816952414,0.989247311827957,1.9690507650375366,0.989247311827957,1.9690507650375366,0.989247311827957,0.989247311827957,0.26442290443553995,0.0,0.0,0.0,0.0,0.0,0.0,0.0,0.0,0.0,0.0,0.0,0.0,0.0,0.0,0.0
2026-08-31T16:51:02.994751+00:00,42,metal_nut,padim,cuda,4.402284622192383,0.9711632453567937,0.9919883759664878,0.9691914890472357,0.7198737340740948,0.9172901612877071,0.9735449735449735,11.895767211914062,0.9735449735449735,11.895767211914062,0.9583333333333334,0.989247311827957,0.5840793791265186,0.0,0.0,0.0,0.0,0.0,0.0,0.0,0.0,0.0,0.0,0.0,0.0,0.0,0.0,0.0
2026-08-31T16:51:27.136176+00:00,42,metal_nut,autoencoder,cuda,13.565135717391968,0.28347996089931576,0.6919371125291777,0.660666096182495,0.15832187996811067,0.3320820697625301,0.8942307692307693,0.03129728138446808,0.8942307692307693,0.03129728138446808,0.808695652173913,1.0,0.5608805783178101,0.0,0.0,0.0,0.0,0.0,0.0,0.0,0.0,0.0,0.0,0.0,0.0,0.0,0.0,0.0
2026-08-31T16:51:59.737235+00:00,42,carpet,patchcore,cuda,13.553165197372437,0.9839486356340289,0.9955564658131948,0.9896762873429827,0.5606128967444713,0.9485643170494977,0.9770114942528736,1.3121007680892944,0.9770114942528736,1.3121007680892944,1.0,0.9550561797752809,0.37514091780172,0.0,0.0,0.0,0.0,0.0,0.0,0.0,0.0,0.0,0.0,0.0,0.0,0.0,0.0,0.0
2026-08-31T16:52:29.997929+00:00,42,carpet,padim,cuda,13.839093923568726,0.963884430176565,0.9893905651698662,0.9873612223459641,0.5739500275776712,0.9549185930813285,0.9425287356321839,10.731703758239746,0.9425287356321839,10.731703758239746,0.9647058823529412,0.9213483146067416,0.4551941669295115,0.0,0.0,0.0,0.0,0.0,0.0,0.0,0.0,0.0,0.0,0.0,0.0,0.0,0.0,0.0
2026-08-31T16:53:57.229626+00:00,42,carpet,autoencoder,cuda,70.56632280349731,0.38041733547351525,0.6865125022287019,0.7031330850801015,0.07020117489778537,0.4169804097644938,0.8640776699029126,0.047795030288398266,0.8640776699029126,0.047795030288398266,0.7606837606837606,1.0,0.4927611771827925,0.0,0.0,0.0,0.0,0.0,0.0,0.0,0.0,0.0,0.0,0.0,0.0,0.0,0.0,0.0
2026-08-31T16:54:16.169746+00:00,123,bottle,patchcore,cuda,10.036941051483154,1.0,1.0,0.9617571880768914,0.49586398570441953,0.8708097854703242,1.0,1.7656351327896118,1.0,1.7656351327896118,1.0,1.0,0.2327182237805374,0.0,0.0,0.0,0.0,0.0,0.0,0.0,0.0,0.0,0.0,0.0,0.0,0.0,0.0,0.0
2026-08-31T16:54:28.501040+00:00,123,bottle,padim,cuda,4.592879772186279,0.996969696969697,0.9990744469140839,0.9547843967870636,0.3787929293398886,0.8666231343011287,0.9924812030075187,12.691278457641602,0.9924812030075187,12.691278457641602,0.9850746268656716,1.0,0.37784394533588284,0.0,0.0,0.0,0.0,0.0,0.0,0.0,0.0,0.0,0.0,0.0,0.0,0.0,0.0,0.0
2026-08-31T16:54:50.522984+00:00,123,bottle,autoencoder,cuda,14.16895318031311,0.5083333333333334,0.8049729208903772,0.6927153069475028,0.11446747360405361,0.44421801677573675,0.868421052631579,0.03655144385993481,0.868421052631579,0.03655144385993481,0.7674418604651163,1.0,0.7255644253339832,0.0,0.0,0.0,0.0,0.0,0.0,0.0,0.0,0.0,0.0,0.0,0.0,0.0,0.0,0.0
2026-08-31T16:55:26.181140+00:00,123,cable,patchcore,cuda,11.62494969367981,0.9902548725637181,0.9940457379307144,0.9854287342248107,0.6711851784257961,0.941935467518185,0.9625668449197862,2.21238374710083,0.9625668449197862,2.21238374710083,0.9473684210526315,0.9782608695652174,0.3384245239664655,0.0,0.0,0.0,0.0,0.0,0.0,0.0,0.0,0.0,0.0,0.0,0.0,0.0,0.0,0.0
2026-08-31T16:55:54.475985+00:00,123,cable,padim,cuda,8.173604965209961,0.8616941529235382,0.9036004491289333,0.9683206158065524,0.4402966647685385,0.9075861885491564,0.859903381642512,12.014972686767578,0.859903381642512,12.014972686767578,0.7739130434782608,0.967391304347826,0.2742122995859598,0.0,0.0,0.0,0.0,0.0,0.0,0.0,0.0,0.0,0.0,0.0,0.0,0.0,0.0,0.0
2026-08-31T16:56:31.838355+00:00,123,cable,autoencoder,cuda,15.514601230621338,0.4542728635682159,0.6193403426633659,0.5496726386616285,0.04511211270626316,0.39773935220941203,0.7603305785123966,0.030039573553949594,0.7603305785123966,0.030039573553949594,0.6133333333333333,1.0,0.3229504377100589,0.0,0.0,0.0,0.0,0.0,0.0,0.0,0.0,0.0,0.0,0.0,0.0,0.0,0.0,0.0
2026-08-31T16:57:09.013058+00:00,123,hazelnut,patchcore,cuda,21.41280722618103,0.9996428571428572,0.999798792756539,0.9870258892606899,0.5899672833487021,0.9191866340573372,0.9929078014184397,2.112178325653076,0.9929078014184397,2.112178325653076,0.9859154929577465,1.0,0.35131372414288975,0.0,0.0,0.0,0.0,0.0,0.0,0.0,0.0,0.0,0.0,0.0,0.0,0.0,0.0,0.0
2026-08-31T16:57:36.285653+00:00,123,hazelnut,padim,cuda,13.67195749282837,0.8403571428571428,0.8607591190255458,0.9828758839815633,0.5750915973912945,0.9041818718183846,0.8859060402684563,14.463387489318848,0.8859060402684563,14.463387489318848,0.8354430379746836,0.9428571428571428,0.34055521764212116,0.0,0.0,0.0,0.0,0.0,0.0,0.0,0.0,0.0,0.0,0.0,0.0,0.0,0.0,0.0
2026-08-31T16:58:17.108079+00:00,123,hazelnut,autoencoder,cuda,27.127219915390015,0.7896428571428571,0.8757401154772142,0.980306112715035,0.6095671475403657,0.9031259069726354,0.8414634146341464,0.01821913570165634,0.8414634146341464,0.01821913570165634,0.7340425531914894,0.9857142857142858,0.5223601940205594,0.0,0.0,0.0,0.0,0.0,0.0,0.0,0.0,0.0,0.0,0.0,0.0,0.0,0.0,0.0
2026-08-31T16:58:34.916048+00:00,123,metal_nut,patchcore,cuda,6.387778997421265,0.9980449657869013,0.9995483581916984,0.9840022789373729,0.8619868530990603,0.9397091076799784,0.989247311827957,1.9690507650375366,0.989247311827957,1.9690507650375366,0.989247311827957,0.989247311827957,0.2644213397480866,0.0,0.0,0.0,0.0,0.0,0.0,0.0,0.0,0.0,0.0,0.0,0.0,0.0,0.0,0.0
2026-08-31T16:58:51.554554+00:00,123,metal_nut,padim,cuda,4.4924516677856445,0.9711632453567937,0.9919883759664878,0.969191489189867,0.7198737350246425,0.9172902336807459,0.9735449735449735,11.895766258239746,0.9735449735449735,11.895766258239746,0.9583333333333334,0.989247311827957,0.5840793783062721,0.0,0.0,0.0,0.0,0.0,0.0,0.0,0.0,0.0,0.0,0.0,0.0,0.0,0.0,0.0
2026-08-31T16:59:13.948313+00:00,123,metal_nut,autoencoder,cuda,11.889944076538086,0.2981427174975562,0.6951006420560956,0.6703240961443357,0.16399428039466216,0.3568921889777255,0.8942307692307693,0.034154451452195644,0.8942307692307693,0.034154451452195644,0.808695652173913,1.0,0.5764713232085575,0.0,0.0,0.0,0.0,0.0,0.0,0.0,0.0,0.0,0.0,0.0,0.0,0.0,0.0,0.0
2026-08-31T16:59:41.333080+00:00,123,carpet,patchcore,cuda,13.895450592041016,0.9839486356340289,0.9955564658131948,0.9896903253989547,0.5606901571920511,0.9487446909757296,0.9770114942528736,1.3121007680892944,0.9770114942528736,1.3121007680892944,1.0,0.9550561797752809,0.3751402954696325,0.0,0.0,0.0,0.0,0.0,0.0,0.0,0.0,0.0,0.0,0.0,0.0,0.0,0.0,0.0
2026-08-31T17:00:11.685022+00:00,123,carpet,padim,cuda,15.792715072631836,0.963884430176565,0.9893905651698662,0.9873612224562823,0.5739500281856246,0.9549185963822142,0.9425287356321839,10.731703758239746,0.9425287356321839,10.731703758239746,0.9647058823529412,0.9213483146067416,0.45519419869895905,0.0,0.0,0.0,0.0,0.0,0.0,0.0,0.0,0.0,0.0,0.0,0.0,0.0,0.0,0.0
2026-08-31T17:01:38.511524+00:00,123,carpet,autoencoder,cuda,71.05794095993042,0.39085072231139645,0.6965271432025452,0.7545904963001351,0.08810541152800531,0.4523894425887388,0.8640776699029126,0.05077781807631254,0.8640776699029126,0.05077781807631254,0.7606837606837606,1.0,0.4856702836971654,0.0,0.0,0.0,0.0,0.0,0.0,0.0,0.0,0.0,0.0,0.0,0.0,0.0,0.0,0.0
2026-08-31T17:01:52.600814+00:00,2026,bottle,patchcore,cuda,6.136961936950684,1.0,1.0,0.961757188233462,0.49586398527481373,0.8708096481293933,1.0,1.7656351327896118,1.0,1.7656351327896118,1.0,1.0,0.23271822088801059,0.0,0.0,0.0,0.0,0.0,0.0,0.0,0.0,0.0,0.0,0.0,0.0,0.0,0.0,0.0
2026-08-31T17:02:04.620461+00:00,2026,bottle,padim,cuda,4.86297607421875,0.996969696969697,0.9990744469140839,0.954784396884479,0.3787929306420859,0.8666231116883318,0.9924812030075187,12.691278457641602,0.9924812030075187,12.691278457641602,0.9850746268656716,1.0,0.37784394533588284,0.0,0.0,0.0,0.0,0.0,0.0,0.0,0.0,0.0,0.0,0.0,0.0,0.0,0.0,0.0
2026-08-31T17:02:26.141736+00:00,2026,bottle,autoencoder,cuda,14.00291395187378,0.5068181818181818,0.805350041691074,0.6918837900052398,0.11403581468635902,0.44538114818653923,0.868421052631579,0.03877372667193413,0.868421052631579,0.03877372667193413,0.7674418604651163,1.0,0.7239503959066954,0.0,0.0,0.0,0.0,0.0,0.0,0.0,0.0,0.0,0.0,0.0,0.0,0.0,0.0,0.0
2026-08-31T17:02:57.702926+00:00,2026,cable,patchcore,cuda,10.09097409248352,0.9902548725637181,0.9940457379307144,0.9854287342248107,0.6711851784257961,0.941935467518185,0.9625668449197862,2.21238374710083,0.9625668449197862,2.21238374710083,0.9473684210526315,0.9782608695652174,0.3384245239664655,0.0,0.0,0.0,0.0,0.0,0.0,0.0,0.0,0.0,0.0,0.0,0.0,0.0,0.0,0.0
2026-08-31T17:03:25.956772+00:00,2026,cable,padim,cuda,8.297850608825684,0.8616941529235382,0.9036004491289333,0.9683206160602148,0.44029666908886994,0.9075862444086945,0.859903381642512,12.014974594116211,0.859903381642512,12.014974594116211,0.7739130434782608,0.967391304347826,0.2742122962096374,0.0,0.0,0.0,0.0,0.0,0.0,0.0,0.0,0.0,0.0,0.0,0.0,0.0,0.0,0.0
2026-08-31T17:04:02.776922+00:00,2026,cable,autoencoder,cuda,16.80980896949768,0.4523988005997002,0.612569462215115,0.6411711660812464,0.04894623605496001,0.39711071913931634,0.7603305785123966,0.034858970902860165,0.7603305785123966,0.034858970902860165,0.6133333333333333,1.0,0.31934563622562356,0.0,0.0,0.0,0.0,0.0,0.0,0.0,0.0,0.0,0.0,0.0,0.0,0.0,0.0,0.0
2026-08-31T17:04:37.058177+00:00,2026,hazelnut,patchcore,cuda,19.014979362487793,0.9996428571428572,0.999798792756539,0.987026320746446,0.5899691992152324,0.9191844453468856,0.9929078014184397,2.112178325653076,0.9929078014184397,2.112178325653076,0.9859154929577465,1.0,0.3513137195666244,0.0,0.0,0.0,0.0,0.0,0.0,0.0,0.0,0.0,0.0,0.0,0.0,0.0,0.0,0.0
2026-08-31T17:05:04.345893+00:00,2026,hazelnut,padim,cuda,13.507416248321533,0.8403571428571428,0.8607591190255458,0.9828758840432636,0.5750915981378715,0.9041818725325492,0.8859060402684563,14.463387489318848,0.8859060402684563,14.463387489318848,0.8354430379746836,0.9428571428571428,0.34055521287864826,0.0,0.0,0.0,0.0,0.0,0.0,0.0,0.0,0.0,0.0,0.0,0.0,0.0,0.0,0.0
2026-08-31T17:05:47.514258+00:00,2026,hazelnut,autoencoder,cuda,31.434174060821533,0.7778571428571429,0.8692838886321268,0.9791154200108309,0.6021860991788757,0.9028724786991176,0.8363636363636364,0.016306602396070957,0.8363636363636364,0.016306602396070957,0.7263157894736842,0.9857142857142858,0.5261876062719452,0.0,0.0,0.0,0.0,0.0,0.0,0.0,0.0,0.0,0.0,0.0,0.0,0.0,0.0,0.0
2026-08-31T17:06:05.752097+00:00,2026,metal_nut,patchcore,cuda,6.240596532821655,0.9980449657869013,0.9995483581916984,0.9840022789373729,0.8619868530990603,0.9397091076799784,0.989247311827957,1.9690507650375366,0.989247311827957,1.9690507650375366,0.989247311827957,0.989247311827957,0.2644213397480866,0.0,0.0,0.0,0.0,0.0,0.0,0.0,0.0,0.0,0.0,0.0,0.0,0.0,0.0,0.0
2026-08-31T17:06:21.119406+00:00,2026,metal_nut,padim,cuda,4.808214426040649,0.9711632453567937,0.9919883759664878,0.9691914891000841,0.7198737329568207,0.9172901788185464,0.9735449735449735,11.895766258239746,0.9735449735449735,11.895766258239746,0.9583333333333334,0.989247311827957,0.5840793736582093,0.0,0.0,0.0,0.0,0.0,0.0,0.0,0.0,0.0,0.0,0.0,0.0,0.0,0.0,0.0
2026-08-31T17:06:49.732162+00:00,2026,metal_nut,autoencoder,cuda,16.452133893966675,0.30107526881720426,0.6954867952323931,0.6717449908869993,0.16460304781219667,0.34692798770224254,0.8942307692307693,0.036519053392112255,0.8942307692307693,0.036519053392112255,0.808695652173913,1.0,0.5739787619603989,0.0,0.0,0.0,0.0,0.0,0.0,0.0,0.0,0.0,0.0,0.0,0.0,0.0,0.0,0.0
2026-08-31T17:07:21.446391+00:00,2026,carpet,patchcore,cuda,17.14167094230652,0.9839486356340289,0.9955564658131948,0.9896763287081276,0.5606129774514582,0.9485648046035605,0.9770114942528736,1.3121007680892944,0.9770114942528736,1.3121007680892944,1.0,0.9550561797752809,0.37514092438992613,0.0,0.0,0.0,0.0,0.0,0.0,0.0,0.0,0.0,0.0,0.0,0.0,0.0,0.0,0.0
2026-08-31T17:07:52.990435+00:00,2026,carpet,padim,cuda,17.455256938934326,0.963884430176565,0.9893905651698662,0.9873612223475782,0.5739500285996423,0.9549185940039406,0.9425287356321839,10.731703758239746,0.9425287356321839,10.731703758239746,0.9647058823529412,0.9213483146067416,0.45519421773233637,0.0,0.0,0.0,0.0,0.0,0.0,0.0,0.0,0.0,0.0,0.0,0.0,0.0,0.0,0.0
2026-08-31T17:09:25.170466+00:00,2026,carpet,autoencoder,cuda,78.63659954071045,0.3719903691813804,0.6856256916197004,0.72636681415114,0.0663279810305725,0.42412159690563733,0.8640776699029126,0.046265825629234314,0.8640776699029126,0.046265825629234314,0.7606837606837606,1.0,0.4977409281583289,0.0,0.0,0.0,0.0,0.0,0.0,0.0,0.0,0.0,0.0,0.0,0.0,0.0,0.0,0.0
