timestamp,run_name,method,mode,category,backbone,seed,knn_k,pca_dim,auroc_image,avg_latency_s,num_test
2026-01-17T22:06:03.225825+00:00,final_multiseed,imagenet_knn,global,bottle,resnet18,42,5,128,0.9944444444444445,0.0386455777179764,83
2026-01-17T22:06:13.705387+00:00,final_multiseed,imagenet_knn,patch,bottle,resnet18,42,5,128,0.9976190476190476,0.027932520372321808,83
2026-01-17T22:06:24.420985+00:00,final_multiseed,simclr_knn,global,bottle,resnet18,42,5,128,0.9079365079365078,0.03176429185522608,83
2026-01-17T22:06:35.087287+00:00,final_multiseed,simclr_knn,patch,bottle,resnet18,42,5,128,0.9,0.028208678027233446,83
2026-01-17T22:06:56.894669+00:00,final_multiseed,imagenet_knn,global,cable,resnet18,42,5,128,0.7683658170914544,0.02616857846577962,150
2026-01-17T22:07:18.302098+00:00,final_multiseed,imagenet_knn,patch,cable,resnet18,42,5,128,0.779047976011994,0.022754839261372884,150
2026-01-17T22:07:40.239405+00:00,final_multiseed,simclr_knn,global,cable,resnet18,42,5,128,0.7949775112443778,0.026419620513916015,150
2026-01-17T22:08:01.775725+00:00,final_multiseed,simclr_knn,patch,cable,resnet18,42,5,128,0.7055847076461769,0.023661932945251464,150
2026-01-17T22:08:12.898979+00:00,final_multiseed,imagenet_knn,global,hazelnut,resnet18,42,5,128,0.9528571428571428,0.027033619447187945,110
2026-01-17T22:08:23.813511+00:00,final_multiseed,imagenet_knn,patch,hazelnut,resnet18,42,5,128,0.9457142857142857,0.024842494184320624,110
2026-01-17T22:08:34.978443+00:00,final_multiseed,simclr_knn,global,hazelnut,resnet18,42,5,128,0.8324999999999999,0.026574873924255372,110
2026-01-17T22:08:45.921288+00:00,final_multiseed,simclr_knn,patch,hazelnut,resnet18,42,5,128,0.8135714285714286,0.024789034236561168,110
2026-01-17T22:09:07.318720+00:00,final_multiseed,imagenet_knn,global,metal_nut,resnet18,42,5,128,0.782991202346041,0.030215159706447437,115
2026-01-17T22:09:28.150855+00:00,final_multiseed,imagenet_knn,patch,metal_nut,resnet18,42,5,128,0.8626588465298143,0.026807801619819972,115
2026-01-17T22:09:49.497164+00:00,final_multiseed,simclr_knn,global,metal_nut,resnet18,42,5,128,0.6627565982404692,0.030102348327636717,115
2026-01-17T22:10:10.732099+00:00,final_multiseed,simclr_knn,patch,metal_nut,resnet18,42,5,128,0.7003910068426198,0.02650933887647546,115
2026-01-17T22:10:21.330889+00:00,final_multiseed,imagenet_knn,global,bottle,resnet18,43,5,128,0.992063492063492,0.03057776588991464,83
2026-01-17T22:10:32.253068+00:00,final_multiseed,imagenet_knn,patch,bottle,resnet18,43,5,128,0.9976190476190476,0.030437931957015073,83
2026-01-17T22:10:43.277532+00:00,final_multiseed,simclr_knn,global,bottle,resnet18,43,5,128,0.915079365079365,0.030788841017757553,83
2026-01-17T22:10:54.079705+00:00,final_multiseed,simclr_knn,patch,bottle,resnet18,43,5,128,0.8992063492063491,0.02814344900200166,83
2026-01-17T22:11:16.796491+00:00,final_multiseed,imagenet_knn,global,cable,resnet18,43,5,128,0.7799850074962519,0.026104036966959634,150
2026-01-17T22:11:39.294856+00:00,final_multiseed,imagenet_knn,patch,cable,resnet18,43,5,128,0.779047976011994,0.023127768834431964,150
2026-01-17T22:12:02.189627+00:00,final_multiseed,simclr_knn,global,cable,resnet18,43,5,128,0.78691904047976,0.02683791478474935,150
2026-01-17T22:12:24.802962+00:00,final_multiseed,simclr_knn,patch,cable,resnet18,43,5,128,0.632496251874063,0.023749980926513672,150
2026-01-17T22:12:36.346444+00:00,final_multiseed,imagenet_knn,global,hazelnut,resnet18,43,5,128,0.9482142857142857,0.027570178292014382,110
2026-01-17T22:12:47.867546+00:00,final_multiseed,imagenet_knn,patch,hazelnut,resnet18,43,5,128,0.9457142857142857,0.025264356353066186,110
2026-01-17T22:12:59.427526+00:00,final_multiseed,simclr_knn,global,hazelnut,resnet18,43,5,128,0.8328571428571429,0.027055423909967596,110
2026-01-17T22:13:10.815271+00:00,final_multiseed,simclr_knn,patch,hazelnut,resnet18,43,5,128,0.7675,0.025030693140896884,110
2026-01-17T22:13:32.963445+00:00,final_multiseed,imagenet_knn,global,metal_nut,resnet18,43,5,128,0.7673509286412512,0.029810741673345152,115
2026-01-17T22:13:55.538426+00:00,final_multiseed,imagenet_knn,patch,metal_nut,resnet18,43,5,128,0.8626588465298143,0.027483500605044158,115
2026-01-17T22:14:18.773445+00:00,final_multiseed,simclr_knn,global,metal_nut,resnet18,43,5,128,0.6837732160312805,0.03240942333055579,115
2026-01-17T22:14:40.855563+00:00,final_multiseed,simclr_knn,patch,metal_nut,resnet18,43,5,128,0.7712609970674487,0.026495230716207754,115
2026-01-17T22:14:52.284968+00:00,final_multiseed,imagenet_knn,global,bottle,resnet18,44,5,128,0.9952380952380953,0.032773236194288874,83
2026-01-17T22:15:03.484892+00:00,final_multiseed,imagenet_knn,patch,bottle,resnet18,44,5,128,0.9976190476190476,0.028800128454185395,83
2026-01-17T22:15:14.917457+00:00,final_multiseed,simclr_knn,global,bottle,resnet18,44,5,128,0.8992063492063492,0.032005468046808816,83
2026-01-17T22:15:26.058879+00:00,final_multiseed,simclr_knn,patch,bottle,resnet18,44,5,128,0.8246031746031747,0.028609979583556395,83
2026-01-17T22:15:49.288587+00:00,final_multiseed,imagenet_knn,global,cable,resnet18,44,5,128,0.7552473763118441,0.026905996004740397,150
2026-01-17T22:16:12.155575+00:00,final_multiseed,imagenet_knn,patch,cable,resnet18,44,5,128,0.779047976011994,0.023572818438212077,150
2026-01-17T22:16:35.311987+00:00,final_multiseed,simclr_knn,global,cable,resnet18,44,5,128,0.7923538230884558,0.0285543155670166,150
2026-01-17T22:16:57.753080+00:00,final_multiseed,simclr_knn,patch,cable,resnet18,44,5,128,0.6225637181409296,0.023155767122904458,150
2026-01-17T22:17:09.711996+00:00,final_multiseed,imagenet_knn,global,hazelnut,resnet18,44,5,128,0.9567857142857144,0.028241107680580833,110
2026-01-17T22:17:21.517428+00:00,final_multiseed,imagenet_knn,patch,hazelnut,resnet18,44,5,128,0.9457142857142857,0.025931152430447666,110
2026-01-17T22:17:33.534787+00:00,final_multiseed,simclr_knn,global,hazelnut,resnet18,44,5,128,0.8346428571428571,0.029903710972179066,110
2026-01-17T22:17:45.316958+00:00,final_multiseed,simclr_knn,patch,hazelnut,resnet18,44,5,128,0.8246428571428571,0.02536584030498158,110
2026-01-17T22:18:08.392529+00:00,final_multiseed,imagenet_knn,global,metal_nut,resnet18,44,5,128,0.767839687194526,0.03234999076179836,115
2026-01-17T22:18:30.411059+00:00,final_multiseed,imagenet_knn,patch,metal_nut,resnet18,44,5,128,0.8626588465298143,0.026917449287746264,115
2026-01-17T22:18:53.035642+00:00,final_multiseed,simclr_knn,global,metal_nut,resnet18,44,5,128,0.7258064516129031,0.03376128155252208,115
2026-01-17T22:19:15.232895+00:00,final_multiseed,simclr_knn,patch,metal_nut,resnet18,44,5,128,0.7927663734115347,0.0268039143603781,115
