category,method,seed,cost_ratio,image_auroc,cwe,total_flips,total_flip_rate,nominal_relief_count,nominal_relief_rate,defect_escape_count,defect_escape_rate,defect_catch_count,defect_catch_rate,tau_99,tau_cct
bottle,autoencoder,123,5.0,0.5083333333333334,3.604651162790698,1,0.011627906976744186,1,0.05,0,0.0,0,0.0,0.08599507238715885,0.13862480968236923
bottle,autoencoder,123,10.0,0.5083333333333334,7.209302325581396,1,0.011627906976744186,1,0.05,0,0.0,0,0.0,0.08599507238715885,0.13862480968236923
bottle,autoencoder,123,20.0,0.5083333333333334,14.418604651162791,1,0.011627906976744186,1,0.05,0,0.0,0,0.0,0.08599507238715885,0.13862480968236923
bottle,autoencoder,123,50.0,0.5083333333333334,36.04651162790697,1,0.011627906976744186,1,0.05,0,0.0,0,0.0,0.08599507238715885,0.13862480968236923
bottle,autoencoder,2026,5.0,0.5068181818181818,3.604651162790698,2,0.023255813953488372,1,0.05,1,0.015151515151515152,0,0.0,0.09251175835728642,0.14506711438298225
bottle,autoencoder,2026,10.0,0.5068181818181818,7.209302325581396,2,0.023255813953488372,1,0.05,1,0.015151515151515152,0,0.0,0.09251175835728642,0.14506711438298225
bottle,autoencoder,2026,20.0,0.5068181818181818,14.418604651162791,2,0.023255813953488372,1,0.05,1,0.015151515151515152,0,0.0,0.09251175835728642,0.14506711438298225
bottle,autoencoder,2026,50.0,0.5068181818181818,36.04651162790697,2,0.023255813953488372,1,0.05,1,0.015151515151515152,0,0.0,0.09251175835728642,0.14506711438298225
bottle,autoencoder,42,5.0,0.5189393939393939,3.604651162790698,2,0.023255813953488372,1,0.05,1,0.015151515151515152,0,0.0,0.09250631202012298,0.14689994230866432
bottle,autoencoder,42,10.0,0.5189393939393939,7.209302325581396,2,0.023255813953488372,1,0.05,1,0.015151515151515152,0,0.0,0.09250631202012298,0.14689994230866432
bottle,autoencoder,42,20.0,0.5189393939393939,14.418604651162791,2,0.023255813953488372,1,0.05,1,0.015151515151515152,0,0.0,0.09250631202012298,0.14689994230866432
bottle,autoencoder,42,50.0,0.5189393939393939,36.04651162790697,2,0.023255813953488372,1,0.05,1,0.015151515151515152,0,0.0,0.09250631202012298,0.14689994230866432
bottle,padim,123,5.0,0.996969696969697,0.23255813953488372,3,0.03488372093023256,1,0.05,2,0.030303030303030304,0,0.0,14.269314498901364,15.484383583068848
bottle,padim,123,10.0,0.996969696969697,0.46511627906976744,3,0.03488372093023256,1,0.05,2,0.030303030303030304,0,0.0,14.269314498901364,15.484383583068848
bottle,padim,123,20.0,0.996969696969697,0.9302325581395349,3,0.03488372093023256,1,0.05,2,0.030303030303030304,0,0.0,14.269314498901364,15.484383583068848
bottle,padim,123,50.0,0.996969696969697,2.3255813953488373,3,0.03488372093023256,1,0.05,2,0.030303030303030304,0,0.0,14.269314498901364,15.484383583068848
bottle,padim,2026,5.0,0.996969696969697,0.23255813953488372,3,0.03488372093023256,1,0.05,2,0.030303030303030304,0,0.0,14.269314680099484,15.484383583068848
bottle,padim,2026,10.0,0.996969696969697,0.46511627906976744,3,0.03488372093023256,1,0.05,2,0.030303030303030304,0,0.0,14.269314680099484,15.484383583068848
bottle,padim,2026,20.0,0.996969696969697,0.9302325581395349,3,0.03488372093023256,1,0.05,2,0.030303030303030304,0,0.0,14.269314680099484,15.484383583068848
bottle,padim,2026,50.0,0.996969696969697,2.3255813953488373,3,0.03488372093023256,1,0.05,2,0.030303030303030304,0,0.0,14.269314680099484,15.484383583068848
bottle,padim,42,5.0,0.996969696969697,0.23255813953488372,3,0.03488372093023256,1,0.05,2,0.030303030303030304,0,0.0,14.269314498901364,15.484382629394531
bottle,padim,42,10.0,0.996969696969697,0.46511627906976744,3,0.03488372093023256,1,0.05,2,0.030303030303030304,0,0.0,14.269314498901364,15.484382629394531
bottle,padim,42,20.0,0.996969696969697,0.9302325581395349,3,0.03488372093023256,1,0.05,2,0.030303030303030304,0,0.0,14.269314498901364,15.484382629394531
bottle,padim,42,50.0,0.996969696969697,2.3255813953488373,3,0.03488372093023256,1,0.05,2,0.030303030303030304,0,0.0,14.269314498901364,15.484382629394531
bottle,patchcore,123,5.0,1.0,0.0,1,0.011627906976744186,1,0.05,0,0.0,0,0.0,1.413361542224884,1.7656351327896118
bottle,patchcore,123,10.0,1.0,0.0,1,0.011627906976744186,1,0.05,0,0.0,0,0.0,1.413361542224884,1.7656351327896118
bottle,patchcore,123,20.0,1.0,0.0,1,0.011627906976744186,1,0.05,0,0.0,0,0.0,1.413361542224884,1.7656351327896118
bottle,patchcore,123,50.0,1.0,0.0,1,0.011627906976744186,1,0.05,0,0.0,0,0.0,1.413361542224884,1.7656351327896118
bottle,patchcore,2026,5.0,1.0,0.0,1,0.011627906976744186,1,0.05,0,0.0,0,0.0,1.413361542224884,1.7656351327896118
bottle,patchcore,2026,10.0,1.0,0.0,1,0.011627906976744186,1,0.05,0,0.0,0,0.0,1.413361542224884,1.7656351327896118
bottle,patchcore,2026,20.0,1.0,0.0,1,0.011627906976744186,1,0.05,0,0.0,0,0.0,1.413361542224884,1.7656351327896118
bottle,patchcore,2026,50.0,1.0,0.0,1,0.011627906976744186,1,0.05,0,0.0,0,0.0,1.413361542224884,1.7656351327896118
bottle,patchcore,42,5.0,1.0,0.0,1,0.011627906976744186,1,0.05,0,0.0,0,0.0,1.413361542224884,1.7656351327896118
bottle,patchcore,42,10.0,1.0,0.0,1,0.011627906976744186,1,0.05,0,0.0,0,0.0,1.413361542224884,1.7656351327896118
bottle,patchcore,42,20.0,1.0,0.0,1,0.011627906976744186,1,0.05,0,0.0,0,0.0,1.413361542224884,1.7656351327896118
bottle,patchcore,42,50.0,1.0,0.0,1,0.011627906976744186,1,0.05,0,0.0,0,0.0,1.413361542224884,1.7656351327896118
cable,autoencoder,123,5.0,0.4542728635682159,3.033333333333333,1,0.006666666666666667,1,0.017241379310344827,0,0.0,0,0.0,0.42498418882489203,0.4427787810564041
cable,autoencoder,123,10.0,0.4542728635682159,6.066666666666666,1,0.006666666666666667,1,0.017241379310344827,0,0.0,0,0.0,0.42498418882489203,0.4427787810564041
cable,autoencoder,123,20.0,0.4542728635682159,12.133333333333333,1,0.006666666666666667,1,0.017241379310344827,0,0.0,0,0.0,0.42498418882489203,0.4427787810564041
cable,autoencoder,123,50.0,0.4542728635682159,30.333333333333332,1,0.006666666666666667,1,0.017241379310344827,0,0.0,0,0.0,0.42498418882489203,0.4427787810564041
cable,autoencoder,2026,5.0,0.4523988005997002,3.04,0,0.0,0,0.0,0,0.0,0,0.0,0.4144704327732325,0.42455743554979547
cable,autoencoder,2026,10.0,0.4523988005997002,6.073333333333333,0,0.0,0,0.0,0,0.0,0,0.0,0.4144704327732325,0.42455743554979547
cable,autoencoder,2026,20.0,0.4523988005997002,12.14,0,0.0,0,0.0,0,0.0,0,0.0,0.4144704327732325,0.42455743554979547
cable,autoencoder,2026,50.0,0.4523988005997002,30.34,0,0.0,0,0.0,0,0.0,0,0.0,0.4144704327732325,0.42455743554979547
cable,autoencoder,42,5.0,0.45352323838080955,3.033333333333333,1,0.006666666666666667,1,0.017241379310344827,0,0.0,0,0.0,0.42519120179116726,0.4541301801800728
cable,autoencoder,42,10.0,0.45352323838080955,6.066666666666666,1,0.006666666666666667,1,0.017241379310344827,0,0.0,0,0.0,0.42519120179116726,0.4541301801800728
cable,autoencoder,42,20.0,0.45352323838080955,12.133333333333333,1,0.006666666666666667,1,0.017241379310344827,0,0.0,0,0.0,0.42519120179116726,0.4541301801800728
cable,autoencoder,42,50.0,0.45352323838080955,30.333333333333332,1,0.006666666666666667,1,0.017241379310344827,0,0.0,0,0.0,0.42519120179116726,0.4541301801800728
cable,padim,123,5.0,0.8616941529235382,2.5,7,0.04666666666666667,1,0.017241379310344827,6,0.06521739130434782,0,0.0,18.584247035980223,19.930871963500977
cable,padim,123,10.0,0.8616941529235382,5.0,7,0.04666666666666667,1,0.017241379310344827,6,0.06521739130434782,0,0.0,18.584247035980223,19.930871963500977
cable,padim,123,20.0,0.8616941529235382,10.0,7,0.04666666666666667,1,0.017241379310344827,6,0.06521739130434782,0,0.0,18.584247035980223,19.930871963500977
cable,padim,123,50.0,0.8616941529235382,25.0,7,0.04666666666666667,1,0.017241379310344827,6,0.06521739130434782,0,0.0,18.584247035980223,19.930871963500977
cable,padim,2026,5.0,0.8616941529235382,2.5,7,0.04666666666666667,1,0.017241379310344827,6,0.06521739130434782,0,0.0,18.584247035980223,19.930871963500977
cable,padim,2026,10.0,0.8616941529235382,5.0,7,0.04666666666666667,1,0.017241379310344827,6,0.06521739130434782,0,0.0,18.584247035980223,19.930871963500977
cable,padim,2026,20.0,0.8616941529235382,10.0,7,0.04666666666666667,1,0.017241379310344827,6,0.06521739130434782,0,0.0,18.584247035980223,19.930871963500977
cable,padim,2026,50.0,0.8616941529235382,25.0,7,0.04666666666666667,1,0.017241379310344827,6,0.06521739130434782,0,0.0,18.584247035980223,19.930871963500977
cable,padim,42,5.0,0.8616941529235382,2.5,7,0.04666666666666667,1,0.017241379310344827,6,0.06521739130434782,0,0.0,18.584247035980223,19.930871963500977
cable,padim,42,10.0,0.8616941529235382,5.0,7,0.04666666666666667,1,0.017241379310344827,6,0.06521739130434782,0,0.0,18.584247035980223,19.930871963500977
cable,padim,42,20.0,0.8616941529235382,10.0,7,0.04666666666666667,1,0.017241379310344827,6,0.06521739130434782,0,0.0,18.584247035980223,19.930871963500977
cable,padim,42,50.0,0.8616941529235382,25.0,7,0.04666666666666667,1,0.017241379310344827,6,0.06521739130434782,0,0.0,18.584247035980223,19.930871963500977
cable,patchcore,123,5.0,0.9902548725637181,0.43333333333333335,2,0.013333333333333334,1,0.017241379310344827,1,0.010869565217391304,0,0.0,2.3872072958946227,2.411566972732544
cable,patchcore,123,10.0,0.9902548725637181,0.8666666666666667,2,0.013333333333333334,1,0.017241379310344827,1,0.010869565217391304,0,0.0,2.3872072958946227,2.411566972732544
cable,patchcore,123,20.0,0.9902548725637181,1.7333333333333334,2,0.013333333333333334,1,0.017241379310344827,1,0.010869565217391304,0,0.0,2.3872072958946227,2.411566972732544
cable,patchcore,123,50.0,0.9902548725637181,4.333333333333333,2,0.013333333333333334,1,0.017241379310344827,1,0.010869565217391304,0,0.0,2.3872072958946227,2.411566972732544
cable,patchcore,2026,5.0,0.9902548725637181,0.43333333333333335,2,0.013333333333333334,1,0.017241379310344827,1,0.010869565217391304,0,0.0,2.3872072958946227,2.411566972732544
cable,patchcore,2026,10.0,0.9902548725637181,0.8666666666666667,2,0.013333333333333334,1,0.017241379310344827,1,0.010869565217391304,0,0.0,2.3872072958946227,2.411566972732544
cable,patchcore,2026,20.0,0.9902548725637181,1.7333333333333334,2,0.013333333333333334,1,0.017241379310344827,1,0.010869565217391304,0,0.0,2.3872072958946227,2.411566972732544
cable,patchcore,2026,50.0,0.9902548725637181,4.333333333333333,2,0.013333333333333334,1,0.017241379310344827,1,0.010869565217391304,0,0.0,2.3872072958946227,2.411566972732544
cable,patchcore,42,5.0,0.9902548725637181,0.43333333333333335,2,0.013333333333333334,1,0.017241379310344827,1,0.010869565217391304,0,0.0,2.3872072958946227,2.411566972732544
cable,patchcore,42,10.0,0.9902548725637181,0.8666666666666667,2,0.013333333333333334,1,0.017241379310344827,1,0.010869565217391304,0,0.0,2.3872072958946227,2.411566972732544
cable,patchcore,42,20.0,0.9902548725637181,1.7333333333333334,2,0.013333333333333334,1,0.017241379310344827,1,0.010869565217391304,0,0.0,2.3872072958946227,2.411566972732544
cable,patchcore,42,50.0,0.9902548725637181,4.333333333333333,2,0.013333333333333334,1,0.017241379310344827,1,0.010869565217391304,0,0.0,2.3872072958946227,2.411566972732544
carpet,autoencoder,123,5.0,0.39085072231139645,3.8119658119658117,0,0.0,0,0.0,0,0.0,0,0.0,0.09381805747747421,0.09468246538192032
carpet,autoencoder,123,10.0,0.39085072231139645,7.615384615384615,0,0.0,0,0.0,0,0.0,0,0.0,0.09381805747747421,0.09468246538192032
carpet,autoencoder,123,20.0,0.39085072231139645,15.222222222222221,0,0.0,0,0.0,0,0.0,0,0.0,0.09381805747747421,0.09468246538192032
carpet,autoencoder,123,50.0,0.39085072231139645,38.042735042735046,0,0.0,0,0.0,0,0.0,0,0.0,0.09381805747747421,0.09468246538192032
carpet,autoencoder,2026,5.0,0.3719903691813804,3.8119658119658117,0,0.0,0,0.0,0,0.0,0,0.0,0.09261351075023413,0.09379337912425398
carpet,autoencoder,2026,10.0,0.3719903691813804,7.615384615384615,0,0.0,0,0.0,0,0.0,0,0.0,0.09261351075023413,0.09379337912425398
carpet,autoencoder,2026,20.0,0.3719903691813804,15.222222222222221,0,0.0,0,0.0,0,0.0,0,0.0,0.09261351075023413,0.09379337912425398
carpet,autoencoder,2026,50.0,0.3719903691813804,38.042735042735046,0,0.0,0,0.0,0,0.0,0,0.0,0.09261351075023413,0.09379337912425398
carpet,autoencoder,42,5.0,0.38041733547351525,3.8119658119658117,0,0.0,0,0.0,0,0.0,0,0.0,0.0923148924857378,0.09324948910623787
carpet,autoencoder,42,10.0,0.38041733547351525,7.615384615384615,0,0.0,0,0.0,0,0.0,0,0.0,0.0923148924857378,0.09324948910623787
carpet,autoencoder,42,20.0,0.38041733547351525,15.222222222222221,0,0.0,0,0.0,0,0.0,0,0.0,0.0923148924857378,0.09324948910623787
carpet,autoencoder,42,50.0,0.38041733547351525,38.042735042735046,0,0.0,0,0.0,0,0.0,0,0.0,0.0923148924857378,0.09324948910623787
carpet,padim,123,5.0,0.963884430176565,0.7692307692307693,2,0.017094017094017096,1,0.03571428571428571,1,0.011235955056179775,0,0.0,11.630097465515137,11.88878059387207
carpet,padim,123,10.0,0.963884430176565,1.5384615384615385,2,0.017094017094017096,1,0.03571428571428571,1,0.011235955056179775,0,0.0,11.630097465515137,11.88878059387207
carpet,padim,123,20.0,0.963884430176565,3.076923076923077,2,0.017094017094017096,1,0.03571428571428571,1,0.011235955056179775,0,0.0,11.630097465515137,11.88878059387207
carpet,padim,123,50.0,0.963884430176565,7.6923076923076925,2,0.017094017094017096,1,0.03571428571428571,1,0.011235955056179775,0,0.0,11.630097465515137,11.88878059387207
carpet,padim,2026,5.0,0.963884430176565,0.7692307692307693,2,0.017094017094017096,1,0.03571428571428571,1,0.011235955056179775,0,0.0,11.630097026824952,11.88878059387207
carpet,padim,2026,10.0,0.963884430176565,1.5384615384615385,2,0.017094017094017096,1,0.03571428571428571,1,0.011235955056179775,0,0.0,11.630097026824952,11.88878059387207
carpet,padim,2026,20.0,0.963884430176565,3.076923076923077,2,0.017094017094017096,1,0.03571428571428571,1,0.011235955056179775,0,0.0,11.630097026824952,11.88878059387207
carpet,padim,2026,50.0,0.963884430176565,7.6923076923076925,2,0.017094017094017096,1,0.03571428571428571,1,0.011235955056179775,0,0.0,11.630097026824952,11.88878059387207
carpet,padim,42,5.0,0.963884430176565,0.7692307692307693,2,0.017094017094017096,1,0.03571428571428571,1,0.011235955056179775,0,0.0,11.630097026824952,11.888781547546387
carpet,padim,42,10.0,0.963884430176565,1.5384615384615385,2,0.017094017094017096,1,0.03571428571428571,1,0.011235955056179775,0,0.0,11.630097026824952,11.888781547546387
carpet,padim,42,20.0,0.963884430176565,3.076923076923077,2,0.017094017094017096,1,0.03571428571428571,1,0.011235955056179775,0,0.0,11.630097026824952,11.888781547546387
carpet,padim,42,50.0,0.963884430176565,7.6923076923076925,2,0.017094017094017096,1,0.03571428571428571,1,0.011235955056179775,0,0.0,11.630097026824952,11.888781547546387
carpet,patchcore,123,5.0,0.9839486356340289,0.17094017094017094,1,0.008547008547008548,1,0.03571428571428571,0,0.0,0,0.0,1.3041877841949463,1.3121007680892944
carpet,patchcore,123,10.0,0.9839486356340289,0.3418803418803419,1,0.008547008547008548,1,0.03571428571428571,0,0.0,0,0.0,1.3041877841949463,1.3121007680892944
carpet,patchcore,123,20.0,0.9839486356340289,0.6837606837606838,1,0.008547008547008548,1,0.03571428571428571,0,0.0,0,0.0,1.3041877841949463,1.3121007680892944
carpet,patchcore,123,50.0,0.9839486356340289,1.7094017094017093,1,0.008547008547008548,1,0.03571428571428571,0,0.0,0,0.0,1.3041877841949463,1.3121007680892944
carpet,patchcore,2026,5.0,0.9839486356340289,0.17094017094017094,1,0.008547008547008548,1,0.03571428571428571,0,0.0,0,0.0,1.3041857886314392,1.3121007680892944
carpet,patchcore,2026,10.0,0.9839486356340289,0.3418803418803419,1,0.008547008547008548,1,0.03571428571428571,0,0.0,0,0.0,1.3041857886314392,1.3121007680892944
carpet,patchcore,2026,20.0,0.9839486356340289,0.6837606837606838,1,0.008547008547008548,1,0.03571428571428571,0,0.0,0,0.0,1.3041857886314392,1.3121007680892944
carpet,patchcore,2026,50.0,0.9839486356340289,1.7094017094017093,1,0.008547008547008548,1,0.03571428571428571,0,0.0,0,0.0,1.3041857886314392,1.3121007680892944
carpet,patchcore,42,5.0,0.9839486356340289,0.17094017094017094,1,0.008547008547008548,1,0.03571428571428571,0,0.0,0,0.0,1.3041857886314392,1.3121007680892944
carpet,patchcore,42,10.0,0.9839486356340289,0.3418803418803419,1,0.008547008547008548,1,0.03571428571428571,0,0.0,0,0.0,1.3041857886314392,1.3121007680892944
carpet,patchcore,42,20.0,0.9839486356340289,0.6837606837606838,1,0.008547008547008548,1,0.03571428571428571,0,0.0,0,0.0,1.3041857886314392,1.3121007680892944
carpet,patchcore,42,50.0,0.9839486356340289,1.7094017094017093,1,0.008547008547008548,1,0.03571428571428571,0,0.0,0,0.0,1.3041857886314392,1.3121007680892944
grid,autoencoder,123,5.0,1.0,0.0,1,0.009523809523809525,1,0.03333333333333333,0,0.0,0,0.0,0.020408676266670228,0.02590093994513154
grid,autoencoder,123,10.0,1.0,0.0,1,0.009523809523809525,1,0.03333333333333333,0,0.0,0,0.0,0.020408676266670228,0.02590093994513154
grid,autoencoder,123,20.0,1.0,0.0,1,0.009523809523809525,1,0.03333333333333333,0,0.0,0,0.0,0.020408676266670228,0.02590093994513154
grid,autoencoder,123,50.0,1.0,0.0,1,0.009523809523809525,1,0.03333333333333333,0,0.0,0,0.0,0.020408676266670228,0.02590093994513154
grid,autoencoder,2026,5.0,1.0,0.0,1,0.009523809523809525,1,0.03333333333333333,0,0.0,0,0.0,0.020640773032791913,0.027248654048889875
grid,autoencoder,2026,10.0,1.0,0.0,1,0.009523809523809525,1,0.03333333333333333,0,0.0,0,0.0,0.020640773032791913,0.027248654048889875
grid,autoencoder,2026,20.0,1.0,0.0,1,0.009523809523809525,1,0.03333333333333333,0,0.0,0,0.0,0.020640773032791913,0.027248654048889875
grid,autoencoder,2026,50.0,1.0,0.0,1,0.009523809523809525,1,0.03333333333333333,0,0.0,0,0.0,0.020640773032791913,0.027248654048889875
grid,autoencoder,42,5.0,1.0,0.0,1,0.009523809523809525,1,0.03333333333333333,0,0.0,0,0.0,0.020734151219949128,0.024948705453425646
grid,autoencoder,42,10.0,1.0,0.0,1,0.009523809523809525,1,0.03333333333333333,0,0.0,0,0.0,0.020734151219949128,0.024948705453425646
grid,autoencoder,42,20.0,1.0,0.0,1,0.009523809523809525,1,0.03333333333333333,0,0.0,0,0.0,0.020734151219949128,0.024948705453425646
grid,autoencoder,42,50.0,1.0,0.0,1,0.009523809523809525,1,0.03333333333333333,0,0.0,0,0.0,0.020734151219949128,0.024948705453425646
grid,padim,123,5.0,1.0,0.0,1,0.009523809523809525,1,0.03333333333333333,0,0.0,0,0.0,5.831062803268432,24.701988220214844
grid,padim,123,10.0,1.0,0.0,1,0.009523809523809525,1,0.03333333333333333,0,0.0,0,0.0,5.831062803268432,24.701988220214844
grid,padim,123,20.0,1.0,0.0,1,0.009523809523809525,1,0.03333333333333333,0,0.0,0,0.0,5.831062803268432,24.701988220214844
grid,padim,123,50.0,1.0,0.0,1,0.009523809523809525,1,0.03333333333333333,0,0.0,0,0.0,5.831062803268432,24.701988220214844
grid,padim,2026,5.0,1.0,0.0,1,0.009523809523809525,1,0.03333333333333333,0,0.0,0,0.0,5.831062803268432,24.701988220214844
grid,padim,2026,10.0,1.0,0.0,1,0.009523809523809525,1,0.03333333333333333,0,0.0,0,0.0,5.831062803268432,24.701988220214844
grid,padim,2026,20.0,1.0,0.0,1,0.009523809523809525,1,0.03333333333333333,0,0.0,0,0.0,5.831062803268432,24.701988220214844
grid,padim,2026,50.0,1.0,0.0,1,0.009523809523809525,1,0.03333333333333333,0,0.0,0,0.0,5.831062803268432,24.701988220214844
grid,padim,42,5.0,1.0,0.0,1,0.009523809523809525,1,0.03333333333333333,0,0.0,0,0.0,5.831062803268432,24.701988220214844
grid,padim,42,10.0,1.0,0.0,1,0.009523809523809525,1,0.03333333333333333,0,0.0,0,0.0,5.831062803268432,24.701988220214844
grid,padim,42,20.0,1.0,0.0,1,0.009523809523809525,1,0.03333333333333333,0,0.0,0,0.0,5.831062803268432,24.701988220214844
grid,padim,42,50.0,1.0,0.0,1,0.009523809523809525,1,0.03333333333333333,0,0.0,0,0.0,5.831062803268432,24.701988220214844
grid,patchcore,123,5.0,1.0,0.0,1,0.009523809523809525,1,0.03333333333333333,0,0.0,0,0.0,0.6235686010122299,2.49726939201355
grid,patchcore,123,10.0,1.0,0.0,1,0.009523809523809525,1,0.03333333333333333,0,0.0,0,0.0,0.6235686010122299,2.49726939201355
grid,patchcore,123,20.0,1.0,0.0,1,0.009523809523809525,1,0.03333333333333333,0,0.0,0,0.0,0.6235686010122299,2.49726939201355
grid,patchcore,123,50.0,1.0,0.0,1,0.009523809523809525,1,0.03333333333333333,0,0.0,0,0.0,0.6235686010122299,2.49726939201355
grid,patchcore,2026,5.0,1.0,0.0,1,0.009523809523809525,1,0.03333333333333333,0,0.0,0,0.0,0.6235686010122299,2.49726939201355
grid,patchcore,2026,10.0,1.0,0.0,1,0.009523809523809525,1,0.03333333333333333,0,0.0,0,0.0,0.6235686010122299,2.49726939201355
grid,patchcore,2026,20.0,1.0,0.0,1,0.009523809523809525,1,0.03333333333333333,0,0.0,0,0.0,0.6235686010122299,2.49726939201355
grid,patchcore,2026,50.0,1.0,0.0,1,0.009523809523809525,1,0.03333333333333333,0,0.0,0,0.0,0.6235686010122299,2.49726939201355
grid,patchcore,42,5.0,1.0,0.0,1,0.009523809523809525,1,0.03333333333333333,0,0.0,0,0.0,0.6235686010122299,2.49726939201355
grid,patchcore,42,10.0,1.0,0.0,1,0.009523809523809525,1,0.03333333333333333,0,0.0,0,0.0,0.6235686010122299,2.49726939201355
grid,patchcore,42,20.0,1.0,0.0,1,0.009523809523809525,1,0.03333333333333333,0,0.0,0,0.0,0.6235686010122299,2.49726939201355
grid,patchcore,42,50.0,1.0,0.0,1,0.009523809523809525,1,0.03333333333333333,0,0.0,0,0.0,0.6235686010122299,2.49726939201355
hazelnut,autoencoder,123,5.0,0.7896428571428571,2.0454545454545454,1,0.00909090909090909,1,0.025,0,0.0,0,0.0,0.03768457885831594,0.038920680060982704
hazelnut,autoencoder,123,10.0,0.7896428571428571,4.090909090909091,1,0.00909090909090909,1,0.025,0,0.0,0,0.0,0.03768457885831594,0.038920680060982704
hazelnut,autoencoder,123,20.0,0.7896428571428571,8.181818181818182,1,0.00909090909090909,1,0.025,0,0.0,0,0.0,0.03768457885831594,0.038920680060982704
hazelnut,autoencoder,123,50.0,0.7896428571428571,20.454545454545453,1,0.00909090909090909,1,0.025,0,0.0,0,0.0,0.03768457885831594,0.038920680060982704
hazelnut,autoencoder,2026,5.0,0.7778571428571429,2.0454545454545454,1,0.00909090909090909,1,0.025,0,0.0,0,0.0,0.03568795464932918,0.036272152327001095
hazelnut,autoencoder,2026,10.0,0.7778571428571429,4.090909090909091,1,0.00909090909090909,1,0.025,0,0.0,0,0.0,0.03568795464932918,0.036272152327001095
hazelnut,autoencoder,2026,20.0,0.7778571428571429,8.181818181818182,1,0.00909090909090909,1,0.025,0,0.0,0,0.0,0.03568795464932918,0.036272152327001095
hazelnut,autoencoder,2026,50.0,0.7778571428571429,20.454545454545453,1,0.00909090909090909,1,0.025,0,0.0,0,0.0,0.03568795464932918,0.036272152327001095
hazelnut,autoencoder,42,5.0,0.7675,2.090909090909091,1,0.00909090909090909,1,0.025,0,0.0,0,0.0,0.036478609880432486,0.037532804533839226
hazelnut,autoencoder,42,10.0,0.7675,4.181818181818182,1,0.00909090909090909,1,0.025,0,0.0,0,0.0,0.036478609880432486,0.037532804533839226
hazelnut,autoencoder,42,20.0,0.7675,8.363636363636363,1,0.00909090909090909,1,0.025,0,0.0,0,0.0,0.036478609880432486,0.037532804533839226
hazelnut,autoencoder,42,50.0,0.7675,20.90909090909091,1,0.00909090909090909,1,0.025,0,0.0,0,0.0,0.036478609880432486,0.037532804533839226
hazelnut,padim,123,5.0,0.8403571428571428,2.9545454545454546,1,0.00909090909090909,1,0.025,0,0.0,0,0.0,25.51419395446777,27.681543350219727
hazelnut,padim,123,10.0,0.8403571428571428,5.909090909090909,1,0.00909090909090909,1,0.025,0,0.0,0,0.0,25.51419395446777,27.681543350219727
hazelnut,padim,123,20.0,0.8403571428571428,11.818181818181818,1,0.00909090909090909,1,0.025,0,0.0,0,0.0,25.51419395446777,27.681543350219727
hazelnut,padim,123,50.0,0.8403571428571428,29.545454545454547,1,0.00909090909090909,1,0.025,0,0.0,0,0.0,25.51419395446777,27.681543350219727
hazelnut,padim,2026,5.0,0.8403571428571428,2.9545454545454546,1,0.00909090909090909,1,0.025,0,0.0,0,0.0,25.51419395446777,27.681541442871094
hazelnut,padim,2026,10.0,0.8403571428571428,5.909090909090909,1,0.00909090909090909,1,0.025,0,0.0,0,0.0,25.51419395446777,27.681541442871094
hazelnut,padim,2026,20.0,0.8403571428571428,11.818181818181818,1,0.00909090909090909,1,0.025,0,0.0,0,0.0,25.51419395446777,27.681541442871094
hazelnut,padim,2026,50.0,0.8403571428571428,29.545454545454547,1,0.00909090909090909,1,0.025,0,0.0,0,0.0,25.51419395446777,27.681541442871094
hazelnut,padim,42,5.0,0.8403571428571428,2.9545454545454546,1,0.00909090909090909,1,0.025,0,0.0,0,0.0,25.514192790985106,27.681543350219727
hazelnut,padim,42,10.0,0.8403571428571428,5.909090909090909,1,0.00909090909090909,1,0.025,0,0.0,0,0.0,25.514192790985106,27.681543350219727
hazelnut,padim,42,20.0,0.8403571428571428,11.818181818181818,1,0.00909090909090909,1,0.025,0,0.0,0,0.0,25.514192790985106,27.681543350219727
hazelnut,padim,42,50.0,0.8403571428571428,29.545454545454547,1,0.00909090909090909,1,0.025,0,0.0,0,0.0,25.514192790985106,27.681543350219727
hazelnut,patchcore,123,5.0,0.9996428571428572,0.045454545454545456,1,0.00909090909090909,1,0.025,0,0.0,0,0.0,2.121971514225006,2.355848789215088
hazelnut,patchcore,123,10.0,0.9996428571428572,0.09090909090909091,1,0.00909090909090909,1,0.025,0,0.0,0,0.0,2.121971514225006,2.355848789215088
hazelnut,patchcore,123,20.0,0.9996428571428572,0.18181818181818182,1,0.00909090909090909,1,0.025,0,0.0,0,0.0,2.121971514225006,2.355848789215088
hazelnut,patchcore,123,50.0,0.9996428571428572,0.45454545454545453,1,0.00909090909090909,1,0.025,0,0.0,0,0.0,2.121971514225006,2.355848789215088
hazelnut,patchcore,2026,5.0,0.9996428571428572,0.045454545454545456,1,0.00909090909090909,1,0.025,0,0.0,0,0.0,2.121971514225006,2.355848789215088
hazelnut,patchcore,2026,10.0,0.9996428571428572,0.09090909090909091,1,0.00909090909090909,1,0.025,0,0.0,0,0.0,2.121971514225006,2.355848789215088
hazelnut,patchcore,2026,20.0,0.9996428571428572,0.18181818181818182,1,0.00909090909090909,1,0.025,0,0.0,0,0.0,2.121971514225006,2.355848789215088
hazelnut,patchcore,2026,50.0,0.9996428571428572,0.45454545454545453,1,0.00909090909090909,1,0.025,0,0.0,0,0.0,2.121971514225006,2.355848789215088
hazelnut,patchcore,42,5.0,0.9996428571428572,0.045454545454545456,1,0.00909090909090909,1,0.025,0,0.0,0,0.0,2.1241589164733887,2.3741707801818848
hazelnut,patchcore,42,10.0,0.9996428571428572,0.09090909090909091,1,0.00909090909090909,1,0.025,0,0.0,0,0.0,2.1241589164733887,2.3741707801818848
hazelnut,patchcore,42,20.0,0.9996428571428572,0.18181818181818182,1,0.00909090909090909,1,0.025,0,0.0,0,0.0,2.1241589164733887,2.3741707801818848
hazelnut,patchcore,42,50.0,0.9996428571428572,0.45454545454545453,1,0.00909090909090909,1,0.025,0,0.0,0,0.0,2.1241589164733887,2.3741707801818848
leather,autoencoder,123,5.0,1.0,0.0,1,0.009523809523809525,1,0.03333333333333333,0,0.0,0,0.0,0.020064271744340657,0.023121279664337635
leather,autoencoder,123,10.0,1.0,0.0,1,0.009523809523809525,1,0.03333333333333333,0,0.0,0,0.0,0.020064271744340657,0.023121279664337635
leather,autoencoder,123,20.0,1.0,0.0,1,0.009523809523809525,1,0.03333333333333333,0,0.0,0,0.0,0.020064271744340657,0.023121279664337635
leather,autoencoder,123,50.0,1.0,0.0,1,0.009523809523809525,1,0.03333333333333333,0,0.0,0,0.0,0.020064271744340657,0.023121279664337635
leather,autoencoder,2026,5.0,1.0,0.0,1,0.009523809523809525,1,0.03333333333333333,0,0.0,0,0.0,0.019603182948194443,0.02231814106926322
leather,autoencoder,2026,10.0,1.0,0.0,1,0.009523809523809525,1,0.03333333333333333,0,0.0,0,0.0,0.019603182948194443,0.02231814106926322
leather,autoencoder,2026,20.0,1.0,0.0,1,0.009523809523809525,1,0.03333333333333333,0,0.0,0,0.0,0.019603182948194443,0.02231814106926322
leather,autoencoder,2026,50.0,1.0,0.0,1,0.009523809523809525,1,0.03333333333333333,0,0.0,0,0.0,0.019603182948194443,0.02231814106926322
leather,autoencoder,42,5.0,1.0,0.0,1,0.009523809523809525,1,0.03333333333333333,0,0.0,0,0.0,0.019753418969921766,0.02295656083151698
leather,autoencoder,42,10.0,1.0,0.0,1,0.009523809523809525,1,0.03333333333333333,0,0.0,0,0.0,0.019753418969921766,0.02295656083151698
leather,autoencoder,42,20.0,1.0,0.0,1,0.009523809523809525,1,0.03333333333333333,0,0.0,0,0.0,0.019753418969921766,0.02295656083151698
leather,autoencoder,42,50.0,1.0,0.0,1,0.009523809523809525,1,0.03333333333333333,0,0.0,0,0.0,0.019753418969921766,0.02295656083151698
leather,padim,123,5.0,1.0,0.0,1,0.009523809523809525,1,0.03333333333333333,0,0.0,0,0.0,8.758218612670898,24.192276000976562
leather,padim,123,10.0,1.0,0.0,1,0.009523809523809525,1,0.03333333333333333,0,0.0,0,0.0,8.758218612670898,24.192276000976562
leather,padim,123,20.0,1.0,0.0,1,0.009523809523809525,1,0.03333333333333333,0,0.0,0,0.0,8.758218612670898,24.192276000976562
leather,padim,123,50.0,1.0,0.0,1,0.009523809523809525,1,0.03333333333333333,0,0.0,0,0.0,8.758218612670898,24.192276000976562
leather,padim,2026,5.0,1.0,0.0,1,0.009523809523809525,1,0.03333333333333333,0,0.0,0,0.0,8.758218612670898,24.192276000976562
leather,padim,2026,10.0,1.0,0.0,1,0.009523809523809525,1,0.03333333333333333,0,0.0,0,0.0,8.758218612670898,24.192276000976562
leather,padim,2026,20.0,1.0,0.0,1,0.009523809523809525,1,0.03333333333333333,0,0.0,0,0.0,8.758218612670898,24.192276000976562
leather,padim,2026,50.0,1.0,0.0,1,0.009523809523809525,1,0.03333333333333333,0,0.0,0,0.0,8.758218612670898,24.192276000976562
leather,padim,42,5.0,1.0,0.0,1,0.009523809523809525,1,0.03333333333333333,0,0.0,0,0.0,8.758218889236451,24.192276000976562
leather,padim,42,10.0,1.0,0.0,1,0.009523809523809525,1,0.03333333333333333,0,0.0,0,0.0,8.758218889236451,24.192276000976562
leather,padim,42,20.0,1.0,0.0,1,0.009523809523809525,1,0.03333333333333333,0,0.0,0,0.0,8.758218889236451,24.192276000976562
leather,padim,42,50.0,1.0,0.0,1,0.009523809523809525,1,0.03333333333333333,0,0.0,0,0.0,8.758218889236451,24.192276000976562
leather,patchcore,123,5.0,1.0,0.0,1,0.009523809523809525,1,0.03333333333333333,0,0.0,0,0.0,0.9742115825414658,2.9551868438720703
leather,patchcore,123,10.0,1.0,0.0,1,0.009523809523809525,1,0.03333333333333333,0,0.0,0,0.0,0.9742115825414658,2.9551868438720703
leather,patchcore,123,20.0,1.0,0.0,1,0.009523809523809525,1,0.03333333333333333,0,0.0,0,0.0,0.9742115825414658,2.9551868438720703
leather,patchcore,123,50.0,1.0,0.0,1,0.009523809523809525,1,0.03333333333333333,0,0.0,0,0.0,0.9742115825414658,2.9551868438720703
leather,patchcore,2026,5.0,1.0,0.0,1,0.009523809523809525,1,0.03333333333333333,0,0.0,0,0.0,0.9742115825414658,2.9551868438720703
leather,patchcore,2026,10.0,1.0,0.0,1,0.009523809523809525,1,0.03333333333333333,0,0.0,0,0.0,0.9742115825414658,2.9551868438720703
leather,patchcore,2026,20.0,1.0,0.0,1,0.009523809523809525,1,0.03333333333333333,0,0.0,0,0.0,0.9742115825414658,2.9551868438720703
leather,patchcore,2026,50.0,1.0,0.0,1,0.009523809523809525,1,0.03333333333333333,0,0.0,0,0.0,0.9742115825414658,2.9551868438720703
leather,patchcore,42,5.0,1.0,0.0,1,0.009523809523809525,1,0.03333333333333333,0,0.0,0,0.0,0.9742115825414658,2.9551868438720703
leather,patchcore,42,10.0,1.0,0.0,1,0.009523809523809525,1,0.03333333333333333,0,0.0,0,0.0,0.9742115825414658,2.9551868438720703
leather,patchcore,42,20.0,1.0,0.0,1,0.009523809523809525,1,0.03333333333333333,0,0.0,0,0.0,0.9742115825414658,2.9551868438720703
leather,patchcore,42,50.0,1.0,0.0,1,0.009523809523809525,1,0.03333333333333333,0,0.0,0,0.0,0.9742115825414658,2.9551868438720703
metal_nut,autoencoder,123,5.0,0.2981427174975562,4.052173913043478,0,0.0,0,0.0,0,0.0,0,0.0,0.0962077522277832,0.09680512331426143
metal_nut,autoencoder,123,10.0,0.2981427174975562,8.095652173913043,0,0.0,0,0.0,0,0.0,0,0.0,0.0962077522277832,0.09680512331426143
metal_nut,autoencoder,123,20.0,0.2981427174975562,16.182608695652174,0,0.0,0,0.0,0,0.0,0,0.0,0.0962077522277832,0.09680512331426143
metal_nut,autoencoder,123,50.0,0.2981427174975562,40.44347826086957,0,0.0,0,0.0,0,0.0,0,0.0,0.0962077522277832,0.09680512331426143
metal_nut,autoencoder,2026,5.0,0.30107526881720426,4.052173913043478,0,0.0,0,0.0,0,0.0,0,0.0,0.09659433364868164,0.09714478719979525
metal_nut,autoencoder,2026,10.0,0.30107526881720426,8.095652173913043,0,0.0,0,0.0,0,0.0,0,0.0,0.09659433364868164,0.09714478719979525
metal_nut,autoencoder,2026,20.0,0.30107526881720426,16.182608695652174,0,0.0,0,0.0,0,0.0,0,0.0,0.09659433364868164,0.09714478719979525
metal_nut,autoencoder,2026,50.0,0.30107526881720426,40.44347826086957,0,0.0,0,0.0,0,0.0,0,0.0,0.09659433364868164,0.09714478719979525
metal_nut,autoencoder,42,5.0,0.28347996089931576,4.052173913043478,0,0.0,0,0.0,0,0.0,0,0.0,0.09534685229882597,0.09585274248383939
metal_nut,autoencoder,42,10.0,0.28347996089931576,8.095652173913043,0,0.0,0,0.0,0,0.0,0,0.0,0.09534685229882597,0.09585274248383939
metal_nut,autoencoder,42,20.0,0.28347996089931576,16.182608695652174,0,0.0,0,0.0,0,0.0,0,0.0,0.09534685229882597,0.09585274248383939
metal_nut,autoencoder,42,50.0,0.28347996089931576,40.44347826086957,0,0.0,0,0.0,0,0.0,0,0.0,0.09534685229882597,0.09585274248383939
metal_nut,padim,123,5.0,0.9711632453567937,1.7391304347826086,7,0.06086956521739131,1,0.045454545454545456,6,0.06451612903225806,0,0.0,14.802820901870724,15.433149337768555
metal_nut,padim,123,10.0,0.9711632453567937,3.4782608695652173,7,0.06086956521739131,1,0.045454545454545456,6,0.06451612903225806,0,0.0,14.802820901870724,15.433149337768555
metal_nut,padim,123,20.0,0.9711632453567937,6.956521739130435,7,0.06086956521739131,1,0.045454545454545456,6,0.06451612903225806,0,0.0,14.802820901870724,15.433149337768555
metal_nut,padim,123,50.0,0.9711632453567937,17.391304347826086,7,0.06086956521739131,1,0.045454545454545456,6,0.06451612903225806,0,0.0,14.802820901870724,15.433149337768555
metal_nut,padim,2026,5.0,0.9711632453567937,1.7391304347826086,7,0.06086956521739131,1,0.045454545454545456,6,0.06451612903225806,0,0.0,14.802820701599119,15.433149337768555
metal_nut,padim,2026,10.0,0.9711632453567937,3.4782608695652173,7,0.06086956521739131,1,0.045454545454545456,6,0.06451612903225806,0,0.0,14.802820701599119,15.433149337768555
metal_nut,padim,2026,20.0,0.9711632453567937,6.956521739130435,7,0.06086956521739131,1,0.045454545454545456,6,0.06451612903225806,0,0.0,14.802820701599119,15.433149337768555
metal_nut,padim,2026,50.0,0.9711632453567937,17.391304347826086,7,0.06086956521739131,1,0.045454545454545456,6,0.06451612903225806,0,0.0,14.802820701599119,15.433149337768555
metal_nut,padim,42,5.0,0.9711632453567937,1.7391304347826086,7,0.06086956521739131,1,0.045454545454545456,6,0.06451612903225806,0,0.0,14.802820701599119,15.433150291442871
metal_nut,padim,42,10.0,0.9711632453567937,3.4782608695652173,7,0.06086956521739131,1,0.045454545454545456,6,0.06451612903225806,0,0.0,14.802820701599119,15.433150291442871
metal_nut,padim,42,20.0,0.9711632453567937,6.956521739130435,7,0.06086956521739131,1,0.045454545454545456,6,0.06451612903225806,0,0.0,14.802820701599119,15.433150291442871
metal_nut,padim,42,50.0,0.9711632453567937,17.391304347826086,7,0.06086956521739131,1,0.045454545454545456,6,0.06451612903225806,0,0.0,14.802820701599119,15.433150291442871
metal_nut,patchcore,123,5.0,0.9980449657869013,0.08695652173913043,1,0.008695652173913044,1,0.045454545454545456,0,0.0,0,0.0,1.9766953110694885,1.9981238842010498
metal_nut,patchcore,123,10.0,0.9980449657869013,0.17391304347826086,1,0.008695652173913044,1,0.045454545454545456,0,0.0,0,0.0,1.9766953110694885,1.9981238842010498
metal_nut,patchcore,123,20.0,0.9980449657869013,0.34782608695652173,1,0.008695652173913044,1,0.045454545454545456,0,0.0,0,0.0,1.9766953110694885,1.9981238842010498
metal_nut,patchcore,123,50.0,0.9980449657869013,0.8695652173913043,1,0.008695652173913044,1,0.045454545454545456,0,0.0,0,0.0,1.9766953110694885,1.9981238842010498
metal_nut,patchcore,2026,5.0,0.9980449657869013,0.08695652173913043,1,0.008695652173913044,1,0.045454545454545456,0,0.0,0,0.0,1.9766953110694885,1.9981238842010498
metal_nut,patchcore,2026,10.0,0.9980449657869013,0.17391304347826086,1,0.008695652173913044,1,0.045454545454545456,0,0.0,0,0.0,1.9766953110694885,1.9981238842010498
metal_nut,patchcore,2026,20.0,0.9980449657869013,0.34782608695652173,1,0.008695652173913044,1,0.045454545454545456,0,0.0,0,0.0,1.9766953110694885,1.9981238842010498
metal_nut,patchcore,2026,50.0,0.9980449657869013,0.8695652173913043,1,0.008695652173913044,1,0.045454545454545456,0,0.0,0,0.0,1.9766953110694885,1.9981238842010498
metal_nut,patchcore,42,5.0,0.9980449657869013,0.08695652173913043,1,0.008695652173913044,1,0.045454545454545456,0,0.0,0,0.0,1.9766953110694885,1.9981238842010498
metal_nut,patchcore,42,10.0,0.9980449657869013,0.17391304347826086,1,0.008695652173913044,1,0.045454545454545456,0,0.0,0,0.0,1.9766953110694885,1.9981238842010498
metal_nut,patchcore,42,20.0,0.9980449657869013,0.34782608695652173,1,0.008695652173913044,1,0.045454545454545456,0,0.0,0,0.0,1.9766953110694885,1.9981238842010498
metal_nut,patchcore,42,50.0,0.9980449657869013,0.8695652173913043,1,0.008695652173913044,1,0.045454545454545456,0,0.0,0,0.0,1.9766953110694885,1.9981238842010498
